"Year","Month","State","County","Location","Sorghum.grain","Maize.grain","Wheat.flour","Rice","Groundnuts","Beans","Sugar","Salt","Cooking.oil","Soap","Jerrycan","Mosquito.net","Exercise.book","Blanket","Cooking.pot","Plastic.sheet","Pole","Firewood","Charcoal","Goat","Chicken","Milling.costs","Casual.labor","USD","SDG","ETB","UGX","KES","CDF","XAF","Food.price.index","MSSMEB.food.basket","MSSMEB","X38","Covid.price.index","Water"
2019,8,"CentralEquatoria","Juba","Juba Town",110,120,190,325,599,230,301.5,100,190,47,200,2450,350,2200,2000,1800,800,250,126,13250,2500,6,,,,,,,,,2165.5,13210,26538.42857,,,
2019,8,"Jonglei","Akobo","Akobo Town",191,,563,450,,443,,136,1000,200,,800,,,,8500,500,70,168,8500,,,,310,,,,,,,3875.5,27313,41300.14286,,,
2019,8,"Jonglei","BorSouth","Bor Town",181,244.5,300,304.5,978,353.5,290.5,200,400,123.5,250,1550,200,3000,2500,4200,1950,725,168,14000,1500,9,,295,,,,,,,3252,22071.5,35344.64286,,,
2019,8,"Jonglei","TwicEast","Panyagor",143.5,,350,290,,333,258,240,500,83,750,,150,,7500,,530,250,328.5,32500,3250,43,,290,,,,,,,2872,19152,36603.57143,,,
2019,8,"Jonglei","Uror","Mwot Tot",164,,763,611,,,582,367,1000,100,800,1500,,,3000,4750,,200,168,6750,750,,,290,,,,,,,4619.5,24502,37549.14286,,,
2019,8,"Jonglei","Uror","Yuai",120.5,,1263,412,,346,495,441,750,100,575,1525,300,,2500,5100,2000,300,,,,,,272.5,,,,,,,4585,18900,30329.64286,,,
2019,8,"Lakes","Awerial","Mingkaman",180,,300,300,559,375,300,200,467,83,250,700,250,2950,2000,5000,,600,84,4000,,21.5,,295,,,,,,,2879.5,22577,33794.28571,,,
2019,8,"Lakes","YirolWest","Yirol Town",503,335,774.5,631,559,621,516,326,133,67,500,,,,2800,5000,250,,101,8000,,,,299.5,,,,,,,4398.5,36863,47863.64286,,,
2019,8,"NorthernBahrelGhazal","AweilEast","Wanyjok",168,,450,500,258,429.5,400,136,450,67,300,600,135,2000,2500,4500,175,150,84,6750,950,7.5,,296,,,,,,,2990,21821.5,31459.78571,,,
2019,8,"Unity","Panyijiar","Nyal",177,162,423,450,,333,430,204,600,100,325,2300,200,,3000,10500,1000,1000,84,10000,,,,280,,,,,,,3338,22731,33088.14286,,,
2019,8,"Unity","Pariang","Ajuong Thok",119,,475,700,113,301,500,300,700,83,500,465,200,1100,,7000,900,150,42,,,33,,285,,,,,,,3406.5,17919,27204.85714,,,
2019,8,"UpperNile","Renk","Renk Town",83.5,,450,400,209.5,1109,335,100,213,100,325,1000,575,1500,2450,6000,325,110,84,,1650,7,,287.5,4.83,,,,,,3098.5,18874,33841.5,,,
2019,8,"WesternBahrelGhazal","Wau","Wau Town",350,235,300,400,102,400,280,200,400,73.5,600,400,250,3000,3000,5000,150,300,84,17000,1900,36,,301,,,,,,,2667,37700,49086.57143,,,
2019,8,"WesternEquatoria","Maridi","Maridi Town",75,66,704,250,559,443,260,156,240,60,450,2800,135,2950,6750,7000,725,150,84,13000,1800,4,,295,,,,,,,2753,11523,21072.28571,,,
2019,9,"CentralEquatoria","Juba","Juba Town",150,130,70,237.5,600,400,250,70,300,50,200,1800,250,4500,1200,3000,700,1000,87,26000,2500,57,,340,,,,,,,2207.5,17170,29348.57143,,,
2019,9,"Jonglei","Akobo","Akobo Town",209,162,,,,,305,204,1000,200,,850,,,,,500,600,249,9250,725,86,,280,,7.5,,,,,3339,29001,45658.14286,,,
2019,9,"Jonglei","Nyirol","Lankien",272,162,610,469.5,,,350,271,1300,133,750,2000,250,,3250,,1500,850,166,,,85.5,,285,,,,,,,4143.5,36538,50893.85714,,,
2019,9,"Jonglei","Pibor","Pibor Town",328,,400,400,,500,400,294,733,100,200,,,,2500,,,,155,13000,2500,26.5,,295,,,,,,,3483,38712,51694.14286,,,
2019,9,"Jonglei","TwicEast","Panyagor",119,,350,338,,443,323,380,850,83,525,,100,,6000,,,,93,,,43,,300,,,,,,,3231,20177,30133.57,,,
2019,9,"Jonglei","Uror","Pieri",238,162,774.5,,,388,484,339,1400,100,,1500,,,4000,5000,300,1500,,,,,,290,,,,,,,4401.5,33651,44533.85714,,,
2019,9,"Lakes","Awerial","Mingkaman",180,,300,300,419,300,300,200,500,83,300,600,250,3000,2250,5250,650,550,76,5250,,29,,305,,,,,,,2661,22100,33311.57143,,,
2019,9,"Lakes","YirolWest","Yirol Town",,,268,240,698,443,240,275,400,67,,500,215,,1800,5000,350,1750,49.5,10000,1550,14,,,,,,,,,2879,36812,46414,,,
2019,9,"NorthernBahrelGhazal","AweilNorth","Gok-Machar",64,,300,450,76,,335,200,500,76,500,700,80,,,3500,350,150,46.5,8500,1350,17,,,4.5,,,,,,2530,12947,20918.71429,,,
2019,9,"Unity","Koch","Koch Town",,194,381,285,,,257,500,1000,158.5,,800,300,,,,,300,166,18000,,,,,,,,,,,3479,27947,42730.85714,,,
2019,9,"Unity","Panyijiar","Nyal",137,162,423,338,,554,323,150,600,100,600,1750,225,,3000,,2000,125,143.5,8000,1000,,,290,,,,,,,2953,21066,33838.85714,,,
2019,9,"Unity","Pariang","AjuongThok_RC",102,,450,700,266,300,400,300,233,250,500,160,200,,,,2000,100,29,,,23,,297.5,,,,,,,2913,13578,23602.64286,,,
2019,9,"UpperNile","Malakal","Malakal PoC",171,,450,600,559,650,450,339,700,200,700,850,200,,2400,8000,,175,70.5,9500,1200,17,,290,4.83,,,,,,4081,25779,36569.71429,,,
2019,9,"UpperNile","Malakal","Malakal Town",153,,,600,,600,500,500,900,133,800,1000,300,1500,1300,1250,650,350,159.5,11750,1350,50,,302.5,,,,,,,4081,25070,39824.07143,,,
2019,9,"UpperNile","Melut","Melut Town",121,,450,550,265,,450,204,1000,100,225,,150,,2500,,,150,29,7000,700,9,,,,,,,,,3645,21081,29443.14286,,,
2019,9,"UpperNile","Renk","Renk Town",107,,400,500,251,1100,350,100,233,100,300,1000,1425,2500,2400,7000,400,100,112,,1700,7,,290,4.875,,,,,,3203,21028,47078,,,
2019,9,"WesternBahrelGhazal","Wau","Wau Town",153.5,171,310,350,113,665,340,280,400,200,625,600,200,4000,3250,5000,400,200,88,,,43,,302.5,,,,,,,2782.5,22480,34231.07143,,,
2019,9,"WesternEquatoria","Maridi","Maridi Town",126,72,549,270,250,400,230,163,270,60,500,2450,100,2600,6500,4500,550,150,50.5,,1875,4,,290,,,,,,,2330,11863,19902.28571,,,
2019,9,"WesternEquatoria","Yambio","Yambio Town",227,259.5,,199.5,302.5,361,280,267,300,50,700,1500,200,3500,1275,2500,350,500,58,,,43,,310,,,,,,,2596.5,25746,35824.57143,,,
2019,10,"CentralEquatoria","Juba","Juba Town",201,100,192.5,338,712,450,220,100,287,50,150,1500,50,,750,1900,800,550,87,17000,,20,1500,315,,,,,,,2600.5,14872,23908.42857,,,
2019,10,"EasternEquatoria","KapoetaSouth","Kapoeta Town",150,180,235,337.5,1117,443,322.5,120,200,50,200,3500,300,3000,3500,5750,1100,450,116,8000,1300,60,650,310,,,,2.9,,,3105,21507,34671.28571,,,
2019,10,"EasternEquatoria","Magwi","Nimule",503,120,235,338,559,333,323,150,300,50,400,1500,50,3000,2500,3150,400,500,58,,,20,525,315,,,0.0965,,,,2861,15747,23913.42857,,,
2019,10,"Jonglei","Akobo","Akobo Town",121,,704,563,,554,509,339,1000,200,700,1000,,,,8500,500,900,207,7750,,200,500,270,,7,,,,,4431,22215,37729.28571,,,
2019,10,"Jonglei","BorSouth","Bor Town",140,225,310,249,503,399,250,240,400,67,,800,100,,3200,5000,1500,700,103,16500,2000,90,333,310,,,,,,,2716,18831,29564.42857,,,
2019,10,"Jonglei","Pibor","Pibor Town",,,400,450,,525,,,383,,,,,,,,,,,,,20,500,297.5,,,,,,,3213.75,36816,46979.92857,,,
2019,10,"Jonglei","TwicEast","Panyagor",251,,338,304,,,,240,1000,67,250,,100,,3000,,,,124,27500,2500,43,1000,,,,,,,,3645.25,33442.5,44275.57143,,,
2019,10,"Jonglei","Uror","Pieri",190,,,,,,,543,,100,,2000,,,,,325,1500,,7250,,,500,,,,,,,,3606.75,24655.5,34947.28571,,,
2019,10,"Jonglei","Uror","Yuai",400,,1288.5,946,,600,480,875,650,117.5,700,1815,100,,1550,,,300,,,,,325,292.5,,,,,,,5880.5,46175,55801.78571,,,
2019,10,"Lakes","Awerial","Mingkaman",200,,325,375,349,500,325,300,600,100,300,650,250,3000,3000,5750,1000,500,83,9000,1750,100,500,305,,,,,,,3112,26400,38532.14286,,,
2019,10,"NorthernBahrelGhazal","AweilEast","Wanyjok",114,,,,24,500,250,475,160,67,,,100,,,5025,,50,48,22750,1900,25,300,310,,,,,,,2622.5,16195,24721.28571,,,
2019,10,"Unity","Koch","Koch Town",100,,,1039,,,990.5,500,,100,,,,,,4000,,300,207.5,,,,1600,,,,,,,,4594.5,16512.5,30494.28571,,,
2019,10,"Unity","Panyijiar","Nyal",226.5,170,423,338,982,333,418.5,147,600,100,250,2000,500,,3000,7000,,650,155,25000,,,,300,,,,,,,3638,27129,43693.28571,,,
2019,10,"Unity","Pariang","AjuongThok_RC",200,,400,600,300,700,400,300,400,75,200,,200,,,,,,34,7500,1000,80,700,300,,,,,,,3438,27000,36655.71429,,,
2019,10,"Unity","Pariang","Pamir_RC",200,,500,600,600,600,225,320,800,100,200,,200,,,,,,29,7500,800,23,1000,,,,,,,,3983,28520,37729.64286,,,
2019,10,"Unity","Rubkona","Bentiu",176,138,1106,653.5,559,776,367.5,441,450,83,775,625,200,3825,4000,4950,375,150,83,9750,1000,29,750,310,3.5,,,,,,4667,25965,36871.57143,,,
2019,10,"UpperNile","Malakal","Malakal PoC",127,,450,600,559,600,450,271,700,250,700,,200,,2500,,,72.5,83,9050,1000,15.5,900,305,,,,,,,3895,21301,33008.85714,,,
2019,10,"UpperNile","Melut","Melut Town",,,500,600,,,450,190,1200,100,350,,150,,,,,,29,9000,,9,500,290,,,,,,,4276.5,22892.5,31169.64286,,,
2019,10,"UpperNile","Melut","Paloich",,,425,550,189,,380,271,800,100,200,,150,,3000,,600,,86,,,,750,290,,,,,,,3448.5,20573.5,30697.78571,,,
2019,10,"UpperNile","Panyikang","Tonga",251,500,500,550,,500,450,275,240,117,,,,,,,400,125,83,7000,500,,,,,,,,,,3769,28805,39153.78571,,,
2019,10,"UpperNile","Renk","Renk Town",89,,400,600,279,1100,350,100,267,100,300,1100,,3000,2350,7750,500,120,166,,1600,9,550,282.5,4.725,,,,,,3323,19612,31871.64286,,,
2019,10,"WesternBahrelGhazal","Wau","Wau Town",125,100,300,400,75,554,300,300,400,75,500,600,250,4200,3700,6000,400,1200,116,8500,2500,43,1250,310,,,,,,,2554,18936,31504.57143,,,
2019,10,"WesternEquatoria","Maridi","Maridi Town",75,72,563,240,300,400,240,163,245,68.5,500,2500,100,2500,6000,4500,700,150,58,11500,1900,15,300,300,,,,,,,2298,11713,20292.57143,,,
2019,11,"CentralEquatoria","Juba","Juba Town",120,120,200,250,500,420,232.5,100,300,50,150,1250,100,2500,2000,4000,800,550,58,15000,3200,20,1000,312.5,,,,,,,2242.5,16480,25203.92857,,,
2019,11,"EasternEquatoria","KapoetaSouth","Kapoeta Town",101,144,387.5,450,838,443,430,407,200,50,250,600,300,1500,3000,7000,1000,450,116,10000,1650,40,700,315,,,,3.4,,,3400.5,18554,31631.85714,,,
2019,11,"EasternEquatoria","Magwi","Nimule",377,143.5,220,225,489,388,323,140,230,36.5,450,2250,50,3000,2500,3750,500,500,58,16000,2500,20,300,315,,,0.083,,,,2535.5,17927,26012.42857,,,
2019,11,"EasternEquatoria","Torit","Torit Town",350,375,250,300,104,425,375,132,533,50,200,3125,200,4000,3500,3500,300,550,86,,,,200,307.5,,,,,,,2844,40905,51609.64286,,,
2019,11,"Jonglei","Akobo","Akobo Town",,215,704,563,,,538,339,1400,200,,1000,,,,8000,700,300,207,8750,,,850,310,,7.5,,,,,4719.75,29956.5,45233.64286,,,
2019,11,"Jonglei","BorSouth","Bor Town",250,,310,270,531,400,250,200,400,67,,700,100,4000,2000,4000,1450,300,103,30000,2500,,300,310,,,,,,,2826,28700,38859.14286,,,
2019,11,"Jonglei","BorSouth","Bor_PoC",,,282,225,320,222,215,245,600,100,1000,,250,,,,300,,87,,,,665,,,,,,,,2514.75,23010.5,34687.64286,,,
2019,11,"Jonglei","Fangak","NewFangak",500,,500,550,,550,430,400,900,117,,,,,,,,50,83,9000,,43,,300,,,,,,,4365,55750,66810.57143,,,
2019,11,"Jonglei","Nyirol","Lankien",150,92.5,845,338,,150,407,509,1200,167,1250,1500,150,,3000,6500,1950,700,166,,,,400,300,,,,,,,4011.5,22559,35638.14286,,,
2019,11,"Jonglei","TwicEast","Panyagor",,,704,304,,554,645,300,800,83,275,1800,75,1650,4000,,,600,127,17500,2750,,500,305,,,0.0972,3.165,,,4032.75,32676,43266.14286,,,
2019,11,"Jonglei","Uror","Pieri",150,,,,,,1500,1500,1066.5,100,,2500,,,,,300,1000,,8000,,,,,,,,,,,6024.5,25449,36526.14286,,,
2019,11,"Jonglei","Uror","Yuai",420,,845,901,,200,1050,1500,930,120,660,2075,400,4150,2140,4650,775,310,97,,,,950,290,,,,,,,6381,46680,60237.14286,,,
2019,11,"Lakes","Awerial","Mingkaman",190,,350,325,559,500,300,200,500,83,200,600,275,3000,3000,6000,1000,550,83,6500,3000,,600,305,,,,,,,3139,24800,36470.14286,,,
2019,11,"Lakes","RumbekCentre","Rumbek Town",151.5,259,300,350,152,500,300,181.5,467,67,600,,135,,3100,5000,250,437.5,43.5,8500,1500,23.75,50,295,,,,,,,2661,21118.5,29664.07143,,,
2019,11,"Lakes","RumbekEast","Aduel",,240,290,290,84,,280,252,400,67,700,,200,,,,,,,,,,,,,,,,,,2476.75,23869.5,34748.64286,,,
2019,11,"Lakes","YirolWest","Yirol Town",191.5,,704,240,112,665,240,136,400,67,500,,110,3000,3000,5000,500,225,83,,,,125,310,,,,,,,2903.5,25756,35435.14286,,,
2019,11,"NorthernBahrelGhazal","AweilEast","Malualkon",116,,550,425,150,,320,150,500,67,500,600,100,1800,2600,5100,195,200,58,,,,,,,,,,,,2876,17640,26449.14286,,,
2019,11,"NorthernBahrelGhazal","AweilEast","Wanyjok",100,,300,400,50,443,350,150,100,67,,,150,,,3500,400,50,103,21175,1350,,600,310,,,,,,,2108,13737,24496.14286,,,
2019,11,"NorthernBahrelGhazal","AweilEast","Warawar",350,200,200,300,125,450,350,250,360,67,500,,,,,,,,43.5,,,,,,,,,,,,2585,37960,47534.14286,,,
2019,11,"Unity","Koch","Koch Town",100,200,,856,,661,1187,450,600,133,200,1500,600,,,6000,1000,275,,16000,950,,850,290,,,,,,,4797,18999,34734.14286,,,
2019,11,"Unity","Panyijiar","Nyal",221,1150,423,338,,443,323,204,600,100,300,1500,200,,4000,,,150,116,8500,800,,,315,,,,,,,4022,27681,39713.14286,,,
2019,11,"Unity","Pariang","AjuongThok_RC",78,,400,650,,632,450,300,267,83,450,156,200,,,,,300,29,,,23,300,305,,,,,,,3312,14610,23760.14286,,,
2019,11,"Unity","Pariang","Pamir_RC",126,,500,600,700,700,200,300,700,100,200,,200,,,,,,29,8000,1000,23,500,,,,,,,,4041,22140,31477.14286,,,
2019,11,"Unity","Rubkona","Bentiu",263,215,958,788,463.5,288,753,271,550,133,1000,525,250,,4500,,875,49,91.5,7750,2050,25,550,312.5,4,,,,,,4549.5,29833,41902.78571,,,
2019,11,"Unity","Rubkona","Rubkona Town",314.5,371,958,535,545,255,753,271,750,116.5,,900,250,,5000,,950,70,100,9750,1950,23,500,310,4,,,,,,4752.5,35371,47537.14286,,,
2019,11,"UpperNile","LuakpinyNasir","Kurenge",280,,850,476,,,650,270,140,170,1000,1500,102.5,,,12000,1500,100,120,4500,1000,,,,,,,,,,3651,30360,41677.14286,,,
2019,11,"UpperNile","Malakal","Malakal PoC",169,258,450,600,559,700,450,339,600,133,700,650,200,5000,2000,3250,650,56,58,9250,900,,350,310,,,,,,,4125,25449,35854.14286,,,
2019,11,"UpperNile","Melut","Melut Town",377,,,600,559,443,968,136,1000,200,300,1500,100,,4000,8000,1000,125,166,10000,1500,,1200,300,,,,,,,4721,44053,56730.14286,,,
2019,11,"UpperNile","Melut","Paloich",350,,500,500,,554,430,136,333,150,400,1500,200,4000,4000,8000,1000,100,290,10000,2000,114,1200,300,,,,,,,3338,38620,56697.14286,,,
2019,11,"UpperNile","Renk","Renk Town",91,,510,500,279,1100,350,100,267,100,300,1000,120,3000,1600,6500,500,105,166,,2025,9,600,297.5,4.75,,,,,,3412,19792,31946.64286,,,
2019,11,"Warrap","GogrialWest","Kuajok",390,400,350,425,180,500,300,150,450,67,575,625,190,500,2400,5000,120,75,52,4500,320,,500,310,,,,,,,3145,42450,52159.14286,,,
2019,11,"WesternBahrelGhazal","Wau","Wau Town",150,160,300,400,75,450,325,140,500,67,700,850,225,4000,3250,5000,400,400,116,7500,3000,,1500,310,,,,,,,2500,20690,32739.14286,,,
2019,11,"WesternEquatoria","Maridi","Maridi Town",88,90,563,260,475,400,240,149.5,240,67,600,2450,100,2450,6000,4500,600,150,58,12500,2000,17.5,250,307.5,,,,,,,2505.5,13289.5,22009,,,
2019,11,"WesternEquatoria","Yambio","Yambio Town",377,299,250,338,200,481,283.5,200,333,43,600,500,200,3500,3000,2000,170,170,56.5,7500,2000,,250,320,,,,,,,2761.5,33437,43427.14286,,,
2019,12,"CentralEquatoria","Juba","Juba Town",105.5,130,169,250,500,450,240,85,300,50,100,1600,30,,2200,1500,725,500,72.5,16500,3200,20,800,316.25,,,,,,,2229.5,17635,26017.67857,,,
2019,12,"EasternEquatoria","KapoetaSouth","Kapoeta Town",126,144,282,360,559,443,387,70,300,67,250,,300,2500,3000,7000,1000,800,116,15000,1500,50,700,330,,,,3.35,,,2671,18817,32337.57143,,,
2019,12,"EasternEquatoria","Magwi","Nimule",251,167,400,281.5,559,443,430,200,400,67,400,2800,50,3000,2500,3500,500,500,58,,2500,20,400,327.5,,,0.089,,,,3131.5,21617,30097.92857,,,
2019,12,"EasternEquatoria","Torit","Torit Town",400,,200,300,76,450,325,132,533,50,200,3500,200,4000,3500,4000,250,362.5,52.5,,,92.5,200,310,,,,,,,2574.5,21645,31982.85714,,,
2019,12,"Jonglei","Akobo","Akobo Town",202,239,563,676,,,407,271,1200,150,,1000,,,,8500,500,300,207,,,86,1000,315,,8.25,,,,,4401,29638,44790.14286,,,
2019,12,"Jonglei","BorSouth","Bor Town",155,,300,300,503,425,300,230,405,75,200,675,145,4000,3000,5500,1200,800,103,5500,2500,80,1700,326.25,,,,,,,2776.5,20435,31946.96429,,,
2019,12,"Jonglei","BorSouth","Bor_PoC",,,291,394,400,,280,245,600,100,,,175,,,,300,,87,,,,640,,,,,,,,2949.5,21782,32706.19643,,,
2019,12,"Jonglei","Pibor","Pibor Town",,,1000,1000,,950,1000,700,516.5,100,500,400,,,,8250,,300,138,,,36,1000,,,,,,,,5863,24769,37133.19643,,,
2019,12,"Jonglei","TwicEast","Panyagor",,,650,225,,609.5,574.5,300,267,67,350,1600,100,,3500,7100,,2000,87,14000,2500,150,400,310,,,,,,,3322.5,19807.5,30575.21429,,,
2019,12,"Jonglei","Uror","Pieri",120,,,,,,1500,1500,1000,100,,2000,,,,,300,1500,,9500,,,,,,,,,,,5921.5,22287,32491.19643,,,
2019,12,"Jonglei","Uror","Yuai",145,,1549,979.5,,100,1195,1000,650,133,700,1800,95,4000,2500,4150,280,175,110,,,,775,297.5,,,,,,,6177,18850,29394.07143,,,
2019,12,"Lakes","Awerial","Mingkaman",200,,350,400,200,500,350,300,550,83,175,600,300,3000,2250,6000,1500,700,415,8000,2250,,,,,,,,,,3008.5,26100,48262.19643,,,
2019,12,"Lakes","RumbekCentre","Rumbek Town",100,100,300,375,113.5,500,350,147,400,67,600,,125,,3600,5000,650,400,83,22500,1500,29,,316.25,,,,,,,2385.5,16047,26063.82143,,,
2019,12,"Lakes","RumbekEast","Aduel",,,337.5,338,,443,323,204,400,72.5,750,,120,,,4000,,,,,,20,350,,,,,,,,2742,28191,37643.05357,,,
2019,12,"Lakes","RumbekEast","Akot",,,,338,,388,301,204,500,50,750,,250,,2500,,,,,,,30,,,,,,,,,2827.5,28296,39258.76786,,,
2019,12,"Lakes","YirolWest","Yirol Town",112,,282,293,140,333,290.5,156,216.5,67,500,,150,3500,3500,,200,1400,52,15000,1400,55,250,323.25,,,,,,,1981.5,14532,24260.67857,,,
2019,12,"NorthernBahrelGhazal","AweilEast","Malualkon",100,,175,200,215,,150,150,450,67,500,450,100,3500,1600,5000,135,150,58,,,,,,,,,,,,2041.5,15837,24793.19643,,,
2019,12,"NorthernBahrelGhazal","AweilEast","Wanyjok",120,,400,400,92.5,400,400,300,500,67,500,,,,,,,150,41,11500,1050,29,700,328.75,,,,,,,2771,17700,27119.32143,,,
2019,12,"NorthernBahrelGhazal","AweilEast","Warawar",400,,290,,140,,270,165,,200,,,,,,,,,29,,,,,,,,,,,,2791.25,43300.5,52934.69643,,,
2019,12,"NorthernBahrelGhazal","AweilNorth","Gok-Machar",300,,320,400,140,400,320,50,500,83,,,100,,,,,,,6000,900,17,150,312.5,4.25,,,,,,2588.5,33650,42846.21429,,,
2019,12,"Unity","Panyijiar","Nyal",202,215,423,338,,333,323,204,600,50,750,,500,5500,3500,,,875,232,,,,,,,,,,,,3038,24981,43855.19643,,,
2019,12,"Unity","Pariang","AjuongThok_RC",78,,400,675,,262.5,500,300,600,83,400,800,200,1200,,7000,,100,29,,,23,300,,,,,,,,3374,13282.5,22613.26786,,,
2019,12,"Unity","Pariang","Jamjang",126,,450,600,559,100,200,300,600,100,,,200,,,,,,29,8250,750,29,500,,,,,,,,3093.5,16140,25624.19643,,,
2019,12,"Unity","Pariang","Pamir_RC",126,,450,400,419,222,200,300,800,100,400,,200,,,,,,29,,1000,29,600,310,,,,,,,3075.5,18438,27826.57143,,,
2019,12,"Unity","Rubkona","Bentiu",222,371,450,435,400,715,410,190,570,90.5,1325,645,200,,6750,4600,1450,202.5,68,27500,2475,60,600,320,3.9,,,,,,3763,30025,40962.28571,,,
2019,12,"Unity","Rubkona","Rubkona Town",257,191,375,427.5,1285,435,367.5,270,560,78,1150,652.5,192.5,,6000,3750,1350,150,64,5850,1100,36,925,312.5,4.05,,,,,,4168,30675,40994.07143,,,
2019,12,"UpperNile","LuakpinyNasir","Kurenge",,,850,680,,,650,200,1000,170,,2000,250,,,8000,1000,300,60,5000,,10,,350,,,,,,,4519.5,35387,47242.71429,,,
2019,12,"UpperNile","Malakal","Malakal PoC",131,,400,600,700,443,403.5,176.5,325,150,700,750,100,500,1500,,825,70,103,15500,1650,31.5,400,303.25,,,,,,,3337.5,17903.5,28518.75,,,
2019,12,"UpperNile","Malakal","Malakal Town",700,400,400,600,,700,450,400,800,150,700,5500,250,,1500,,850,480,58,15250,1150,21,1200,313.75,,,,,,,4850,74500,85653.75,,,
2019,12,"UpperNile","Melut","Melut Town",,,500,600,500,,450,204,1200,150,200,,110,,2500,,,450,58,,,14,500,,,,,,,,4193.5,38571,48016.625,,,
2019,12,"UpperNile","Melut","Paloich",302,,450,500,,400,400,400,933,250,700,1000,300,,4000,7000,450,600,105.5,,,,,,,,,,,,3943.5,36778,50657.19643,,,
2019,12,"UpperNile","Renk","Renk Town",101,,500,500,223,1050,280,105,800,100,300,1000,120,3100,1525,6250,600,105,166,,1900,9,650,313.75,4.775,,,,,,3717.5,23445,35875.89286,,,
2019,12,"WesternBahrelGhazal","Wau","Wau Town",150,150,300,400,150,500,400,147,500,83,800,700,250,4000,3800,5000,1100,900,116,7500,2000,39.5,1100,323.75,,,,,,,2697,21147,33967.32143,,,
2019,12,"WesternEquatoria","Maridi","Maridi Town",88,96,300,260,503,400,260,163,240,67,575,2400,100,2450,6000,4500,500,150,58,12250,1900,15,300,316.25,,,,,,,2310,13843,22689.82143,,,
2019,12,"WesternEquatoria","Yambio","Yambio Town",126,120,,259,293,443,323,90,400,67,550,500,100,3000,3500,3000,750,100,55,,3500,74.25,200,313.75,,,,,,,2454,17277,26499.17857,,,
2020,1,"CentralEquatoria","Juba","Juba Town",180,180,300,250,,475,240,200,400,53,225,2100,200,3800,2000,4050,800,650,79.5,18500,3500,20,1000,330,,,0.1035,3.5125,,,2567,23075,33959.42857,,,
2020,1,"EasternEquatoria","Magwi","Nimule",126,120,250,338,559,443,323,200,400,67,400,2250,50,4000,2500,3500,600,500,58,,2500,20,500,332.5,,,0.0895,,,,2759,17387,25952.92857,,,
2020,1,"EasternEquatoria","Torit","Torit Town",400,450,220,300,113,400,300,147,600,67,200,,210,4500,3527.5,4000,250,625,49,,,92.5,200,320,,,,,,,2930,47847,58471.85714,,,
2020,1,"Jonglei","Akobo","Akobo Town",262,311,704,563,,,611,339,1000,200,800,800,,,,5000,700,900,207,7000,,86,800,305,,,,,,,4607,34194,49656.14286,,,
2020,1,"Jonglei","BorSouth","Bor_PoC",160,,282,225,533,465.5,323,200,600,91.5,300,,350,,,5000,,600,87,,,100,630,,,,,,,,2988.5,22389.5,36003.14286,,,
2020,1,"Jonglei","TwicEast","Panyagor",,,600,281.5,,665,538,300,467,83,350,1050,100,,3000,7000,,600,87,18500,2250,150,500,305,,,,,,,3544.5,22677,33455.71429,,,
2020,1,"Jonglei","Uror","Pieri",150,,,,,,,678,1000,200,,,,,,,325,500,,,,,,,,,,,,,3933,24453,35446.57143,,,
2020,1,"Lakes","Awerial","Mingkaman",200,,350,335,300,500,300,300,600,100,300,625,300,3000,3000,7000,625,800,69,8750,2000,200,2000,,,,,,,,3085,26400,39781.78571,,,
2020,1,"Lakes","RumbekCentre","Rumbek Town",111,144,300,375,95,600,335,200,450,67,900,1250,125,,3900,4500,225,50,,9500,1800,20,50,320,,,,,,,2610,18290,27850.92857,,,
2020,1,"Unity","Panyijiar","Nyal",213,215,423,338,,532,367,204,700,100,450,3500,200,9250,5000,,,100,232,,,,,,,,,,,,3334,28362,43938.07143,,,
2020,1,"Unity","Pariang","AjuongThok_RC",78,,400,600,187,140,450,300,700,83,400,800,200,1000,4800,6000,1500,100,29,,,18.5,400,317.5,,,,,,,3055,12780,22104.07143,,,
2020,1,"Unity","Pariang","Jamjang",95,,552,,187,84,519,350,500,100,,,,,,,,,,10000,1200,26,,,,,,,,,2843.5,12656,23053.85714,,,
2020,1,"Unity","Pariang","Pamir_RC",63,,450,800,,,550,340,500,100,,,,,,,,,,,,23,,,,,,,,,3720,13285,23657.14286,,,
2020,1,"Unity","Rubkona","Bentiu",181.5,502,493,450,628.5,498.5,469.5,204,850,167,1150,1800,275,,9250,8250,625,550,67.5,14250,1800,39.5,450,320,4.5,,,,,,4277,26125.5,38231.07143,,,
2020,1,"Unity","Rubkona","Rubkona Town",224,395,563,450,447,443,469.5,237.5,1000,150,1050,1650,275,15000,9500,6750,450,600,60,18000,1900,34.5,500,317.5,4.25,,,,,,4229,30384.5,42077.71429,,,
2020,1,"UpperNile","Malakal","Malakal PoC",151,167,146.5,281.5,349,388,204,68,800,200,700,700,100,,5000,,700,70,52,16000,1350,23,1800,310,,,,,,,2555,21950,31377.14286,,,
2020,1,"UpperNile","Melut","Melut Town",,,500,676,488.5,554,387,136,500,200,250,1500,180,5000,5500,8000,1500,275,83,10000,1000,86,1500,300,,,,,,,3592.5,29722,41409.14286,,,
2020,1,"UpperNile","Melut","Paloich",240,525,400,500,400,554,180,136,267,200,300,2500,100,5000,6000,8000,700,300,166,12000,2500,100,700,300,,,,,,,3202,28324,41661.14286,,,
2020,1,"UpperNile","Renk","Renk Town",101,,375,525,140,1200,300,100,800,100,250,1200,120,1000,1025,5500,550,100,166,,1300,7,600,316.25,4.875,,,,,,3741,24790,37246.25,,,
2020,1,"WesternBahrelGhazal","Wau","Wau Town",150,200,300,400,100,800,400,200,500,73,600,500,175,4500,4400,5000,500,800,58,12500,3000,25,1500,327.5,,,,,,,3050,23900,33959.78571,,,
2020,1,"WesternEquatoria","Maridi","Maridi Town",75,90,350,270,503,400,260,149,260,67,550,2500,100,2500,6000,4500,600,150,58,13500,2250,15,300,323.75,,,,,,,2357,13409,22383.32143,,,
2020,1,"WesternEquatoria","Yambio","Yambio Town",,66,,248,335,421,344,200,500,67,600,,100,,3750,,775,900,45,,,17,200,317.5,,,,,,,2652.5,12929,21424.21429,,,
2020,2,"CentralEquatoria","Juba","Juba Town",140,160,255,275,420,500,250,160,400,50,250,800,200,2650,1750,3250,825,275,116,15000,3500,20,1150,327.5,,,0.09825,3.4625,,,2560,21460,33378.92857,,,
2020,2,"EasternEquatoria","KapoetaSouth","Kapoeta Town",101,167,250,225,559,222,215,95,200,67,250,,300,3500,4000,4750,1000,500,116,8000,1000,30,1000,323.75,,,,3.125,,,2034,18323,31565.89286,,,
2020,2,"EasternEquatoria","Magwi","Nimule",126,120,250,450,559,443,430,200,400,67,375,1500,55,3500,2500,3750,500,500,58,,2750,20,500,327.5,,,0.08825,,,,2978,17387,25927.92857,,,
2020,2,"EasternEquatoria","Torit","Torit Town",300,450,220,300,132,450,425,132,500,60,200,3625,200,4500,3500,3825,450,650,65,,3100,100,250,335,,,,,,,2909,47682,58944.14286,,,
2020,2,"Jonglei","Akobo","Akobo Town",302,287,704,563,,554,509,339,1000,150,900,1000,,,5000,6500,700,1200,166,,,86,800,325,,7.75,,,,,4532.5,38505,53047.14286,,,
2020,2,"Jonglei","BorSouth","Bor_PoC",150,,282,225,533,443,280,200,600,100,,,250,,,,,300,88.5,,,100,650,,,,,,,,2952,21287,33902.89286,,,
2020,2,"Jonglei","Fangak","NewFangak",804,,563,585.5,,,580.5,204,233,133,,,,,,,200,50,76,10000,600,57,500,315,,,,,,,3958.5,78237,89558.57143,,,
2020,2,"Jonglei","Nyirol","Lankien",300,250,845,676,,665,645,407,1100,233,,1500,,,2500,,700,700,166,4000,,92.5,500,300,,,,,,,5162.5,39992,54662.85714,,,
2020,2,"Jonglei","Pibor","Pibor Town",,,700,900,,900,700,500,600,,,,,,,,,225,202,15000,3000,33,1200,320,,,,,,,4963.5,,,,,
2020,2,"Jonglei","TwicEast","Panyagor",,,500,225,,609.5,418.5,250,600,67,200,1500,100,,3000,5000,500,600,87,20000,2000,,500,315,,,,,,,3266.5,,,,,
2020,2,"Jonglei","Uror","Yuai",220,,,800,,100,1000,800,500,267,,2250,,,2450,5000,600,800,86,,,,900,310,,,,,,,4333.5,24500,36570.57143,,,
2020,2,"Lakes","Awerial","Mingkaman",200,,350,325,768,500,300,200,600,100,300,600,400,3000,3750,7000,1500,1000,166,8500,3000,50,2000,,,,,,,,3482,26300,42612.32143,,,
2020,2,"Lakes","RumbekCentre","Rumbek Town",500,600,290,350,168,600,300,220,667,67,850,1000,100,,3500,4900,250,500,290,25000,1825,20,50,325,,,,,,,3695,54622,70620.42857,,,
2020,2,"NorthernBahrelGhazal","AweilEast","Wanyjok",114,350,100,400,133,100,250,200,312,67,500,,100,,5000,5500,350,100,83,9250,,29,1850,325,,,,,,,1959,13232,23097.57143,,,
2020,2,"Unity","Koch","Koch Town",,,866,978,,,883,550,1000,167,,,350,,,,1000,,166,,,,1000,,,,,,,,5415.5,,,,,
2020,2,"Unity","Panyijiar","Nyal",242,239,465,405,,333,387,204,700,100,500,,150,,3500,,,87.5,116,,,,,,,,,,,,3249.5,29181,40783.32143,,,
2020,2,"Unity","Pariang","AjuongThok_RC",250,,400,600,279,600,500,320,267,83,450,,150,1500,,7000,1500,150,34,,,17,500,327.5,,,,,,,3455,29822,38853.21429,,,
2020,2,"Unity","Pariang","Jamjang",126,,450,800,279,222,250,300,800,100,,,200,,,,,,29,7500,700,23,250,,,,,,,,3466,18438,28008.89286,,,
2020,2,"Unity","Pariang","Pamir_RC",126,,450,800,279,166.5,250,360,400,150,600,,200,,,,,,29,,,14,600,,,,,,,,3070.5,15598.5,25392.25,,,
2020,2,"Unity","Rubkona","Bentiu",242,418.5,563,529,274.5,665,314,252,800,48.5,700,1900,200,5750,7750,7000,750,775,112,14250,1300,,500,323.75,4.25,,,,,,4058,32817,44590.32143,,,
2020,2,"Unity","Rubkona","Rubkona Town",,,380.5,338,185.5,554,209.5,300,950,133,925,1550,225,,8250,6250,1550,750,64,16000,1900,,450,330,4.25,,,,,,3306.5,32766,44012.57143,,,
2020,2,"UpperNile","Fashoda","Aburoc",100,,,,,,400,,1000,240,375,,,,2500,,,,,7000,800,43,200,317.5,3.15,,,,,,3598.5,19510,31711.07143,,,
2020,2,"UpperNile","LuakpinyNasir","Kurenge",260,,560,900,,,410,270,1400,200,,1500,150,,,12000,1000,100,170,,1000,10,1500,350,0.65,,,,,,4788.5,36345,50480.71429,,,
2020,2,"UpperNile","Malakal","Malakal PoC",167,,,600,38,750,500,150,900,50,1350,,190,,,,825,175,86,8000,1050,17,400,319.25,,,,,,,3744,27330,38062.96429,,,
2020,2,"UpperNile","Melut","Melut Town",125,,400,600,207.5,214.5,400,1000,333,150,300,1000,150,5000,3000,7000,500,300,58,8000,1500,21.5,,305,10.5,,,,,,3519,16178.5,25987.78571,,,
2020,2,"UpperNile","Melut","Paloich",142.5,120,350,350,168,277,400,1000,333,150,300,1500,150,5000,3000,6000,800,300,72.5,10000,1500,25.5,,305,10.5,,,,,,3140.5,18316,28594.57143,,,
2020,2,"UpperNile","Renk","Renk Town",96,,400,500,454,,350,100,800,100,300,1200,200,2500,2700,6500,550,100,138,,1700,7,100,326.25,3.975,,,,,,3414,17815,30561.25,,,
2020,2,"WesternBahrelGhazal","Wau","Wau Town",106.5,80,325,280,54,450,350,100,400,83,900,400,250,4500,3500,5750,375,300,58,10000,1750,39.5,2000,333.25,,,,,,,2145.5,16135,27376.82143,,,
2020,2,"WesternEquatoria","Maridi","Maridi Town",88,96,300,260,200,500,280,163,260,67,575,2500,100,2475,5750,4500,500,300,58,14750,2500,15,300,322.5,,,,,,,2147,14863,23816.07143,,,
2020,3,"EasternEquatoria","Budi","Chukudum",60,132,275,375,,100,400,200,600,83,300,500,250,,3500,4000,250,,,,,12,,270,,,1,,,,2449,16580,26900.85714,,,
2020,3,"EasternEquatoria","KapoetaEast","Narus",100,100,300,225,550,277.5,269,200,600,67,200,1000,250,1750,2250,,1000,500,52,6000,1350,29.5,200,322.5,,,,35.25,,,2621.5,15297.5,25994.85714,,,
2020,3,"EasternEquatoria","KapoetaSouth","Kapoeta Town",250,,266,225,559,222,215,118,433,67,225,400,,2500,4000,,1000,525,52,8000,1500,11,850,295,,,,,,,2488,22714,32185.28571,,,
2020,3,"EasternEquatoria","Magwi","Magwi Town",126,120,220,296.5,,498.5,258,180,400,50,300,,70,2500,2000,3250,,500,58,,,14,325,277.5,,,,,,,2406,17866.5,25584,,,
2020,3,"EasternEquatoria","Magwi","Nimule",126,120,250,394,559,443,323,200,500,63.5,400,1500,60,2400,2500,3750,500,500,58,,2500,20,500,280,,,0.07725,,,,2915,17987,25759.42857,,,
2020,3,"EasternEquatoria","Torit","Torit Town",450,400,200,300,350,450,250,103,500,60,200,3500,200,4500,3500,4000,650,675,70.5,,3500,72.5,200,267.5,,,,,,,3003,43153,53196.92857,,,
2020,3,"Jonglei","BorSouth","Bor_PoC",120,,282,275,466.5,443,301.5,240,550,100,,,400,,,,200,300,87,,,29,680,,,,,,,,2878,18327,31377.44643,,,
2020,3,"Jonglei","Fangak","NewFangak",,,531.5,450,,,430,271,1000,133,500,1200,200,,,,300,350,83,10000,,43,150,,,,,,,,3764.5,82618,93446,,,
2020,3,"Jonglei","Nyirol","Lankien",300,280,563,450,,388,537.5,407,1000,167,,1400,,,3000,,700,500,124,8000,800,85.5,325,255,,,,,,,4232.5,36899,49088.85714,,,
2020,3,"Jonglei","TwicEast","Panyagor",2000,,350,281.5,,554,314,250,600,83,300,1700,100,1700,3000,,350,1200,87,22000,2000,150,800,252.5,,,,,,,4856.5,188836,198722.2143,,,
2020,3,"Jonglei","Uror","Mwot Tot",,160,,1500,,,466,221,1000,233,1000,1000,300,2500,2000,4500,500,637.5,121,8000,,,1300,,,,,,,,4629,24608,38276,,,
2020,3,"Jonglei","Uror","Pieri",200,239,750,1013.5,,400,1500,543,1000,167,,2500,,,,5000,200,70,261,,,,,,,,,,,,5952.5,28143,44415.44643,,,
2020,3,"Lakes","Awerial","Mingkaman",200,,350,300,559,500,300,300,600,100,250,1500,400,3000,3500,7000,1500,700,377,8000,3000,57,700,,,,,,,,3309,26400,48390.44643,,,
2020,3,"Lakes","RumbekEast","Akot",88,,,338,70,554,301,204,600,60,600,,200,,1500,,,,,,,30,,,,,,,,,2755,16710,26649.01786,,,
2020,3,"Lakes","YirolWest","Yirol Town",188,,366,293,140,333,254,136,400,63.5,1750,,175,3000,2250,4750,500,600,52,15000,2500,,1500,289.5,,,,,,,2310,22453,31664.07143,,,
2020,3,"Unity","Koch","Koch Town",,,225,978,,962,883,500,1200,167,,,,,500,,,,166,,,,800,,,,,,,,5387,28238,41660.44643,,,
2020,3,"Unity","Panyijiar","Nyal",202,239,507,405,,399,387,204,700,50,450,3000,200,,3650,7000,,87.5,232,,,,,,,,,,,,3350,26175,40875.44643,,,
2020,3,"Unity","Pariang","AjuongThok_RC",126,,425,400,,200,400,300,300,100,,,250,1500,,,1500,100,32.5,,,23,300,305,,,,,,,2658,15240,25197.14286,,,
2020,3,"Unity","Pariang","Jamjang",63,,400,600,279,100,200,300,800,100,,,200,,,,,,29,8500,600,29,300,,,,,,,,2942,11670,20580.44643,,,
2020,3,"Unity","Pariang","Pamir_RC",126,,400,600,279,100,200,300,600,100,300,,200,,,,,,29,,,29,300,,,,,,,,2805,16140,25050.44643,,,
2020,3,"Unity","Rubkona","Bentiu",86,305,486,563,140,687,458,300,600,100,525,1475,210,,5500,3500,1225,750,60,7000,1050,36,700,285.75,4.3,,,,,,3625,17823,27909.32143,,,
2020,3,"Unity","Rubkona","Rubkona Town",50,156,493,450,209,665,473,300,600,100,850,1475,250,,6750,4500,1400,800,71,6500,1575,36,450,283.75,4.25,,,,,,3396,14385,25247.32143,,,
2020,3,"UpperNile","Fashoda","Aburoc",95,,350,600,,,300,450,1000,130,500,1300,150,4750,2900,8800,335,320,58,6700,800,28,275,271.25,3.275,,,,,,3745,18987,28158.25,,,
2020,3,"UpperNile","Fashoda","Kodok",120,,350,600,,,300,530,1000,100,350,1000,140,,2800,,500,500,81,7000,600,15.5,275,285,3.575,,,,,,3850,21317,31004.85714,,,
2020,3,"UpperNile","Longochuk","Mathiang",800,750,900,900,,,650,88,467,150,100,1200,100,3000,,3000,500,70,86,6500,400,,,,,,,,,,5305,78877,88597.44643,,,
2020,3,"UpperNile","Longochuk","Udier",1000,1000,1000,900,1200,1500,332.5,700,900,280,100,2000,500,2500,1200,10000,875,100,38,7000,130,,,,,,,,,,8532.5,109600,123460.4464,,,
2020,3,"UpperNile","LuakpinyNasir","Kurenge",500,,560,450,,,410,270,1400,200,1000,1500,1500,1500,,,1000,,290,6000,1000,100,1500,,,,,,,,4540,57657,91206.01786,,,
2020,3,"UpperNile","Maiwut","Jikou",,,,,,,,,,,,,,,,,,,,,,,,,,,,,,,,,,,,
2020,3,"UpperNile","Malakal","Malakal Town",628,718,425,450,,366,472.5,237.5,350,150,800,3500,200,,,,,,,,,,,,,,,,,,3954,62151.5,72621.94643,,,
2020,3,"UpperNile","Melut","Melut Town",138,,450,600,838,665,450,80,333,150,300,1500,150,5000,3000,7000,1000,500,116,10000,2000,14,1500,275,5.5,,,,,,3754,20483,31458,,,
2020,3,"UpperNile","Melut","Paloich",147,179,400,600,559,443,500,80,367,150,300,1000,150,5000,3000,7000,800,500,116,10000,2000,21.5,1300,275,5.5,,,,,,3275,19499,30538.28571,,,
2020,3,"UpperNile","Renk","Renk Town",,,350,500,179.5,1200,150,74,800,100,300,1000,,1500,3750,7000,700,100,143.5,,1750,9,575,287.5,3.75,,,,,,3585.5,24314,36583.64286,,,
2020,3,"UpperNile","Ulang","Ulang Town",250,426,704,350,559,333,523.5,407,1600,150,1100,1500,250,2500,6000,7500,900,1000,103,9500,825,,1000,260,,6.875,,,,,5152.5,35504,47162.57143,,,
2020,3,"Warrap","GogrialWest","Kuajok",,,,,138,,300,44,1366.5,60,750,1400,145,3200,2400,4900,240,52.5,47,3700,1150,125,475,287.5,,,,,,,,,,,,
2020,3,"WesternBahrelGhazal","Wau","Wau Town",115,200,300,375,150,300,355,110,450,225,950,700,250,4350,3500,5000,400,500,3,9500,2250,36,1250,285,,,,,,,2355,15860,25453.57143,,,
2020,3,"WesternEquatoria","Maridi","Maridi Town",88,96,704,260,307,500,280,159.5,300,67,500,2450,100,2500,5750,4500,500,300,58,,1800,15,300,287.5,,,,,,,2694.5,15099.5,23457.57143,,,
2020,3,"WesternEquatoria","Yambio","Yambio Town",,72,,281.5,279,443,430,100,400,67,900,,100,,3500,5000,1000,1400,50,,1500,23,37.5,258.75,,,,,,,2537.5,12967,20664.89286,,,
2020,4,"CentralEquatoria","Juba","Juba Town",377,478,230,400,908,500,240,180,500,50,,,,,,,,,,,,57,800,290,,,0.6,,,,3813,50700,,,,
2020,4,"EasternEquatoria","Budi","Chukudum",126,155.5,300,250,,200,250,200,600,83,300,,125,3000,4000,5000,,150,52,8000,1250,12,600,280,,,0.095,,,,2472.5,19595,28015.85714,,,
2020,4,"EasternEquatoria","KapoetaEast","Narus",100,239,250,312.5,559,388,376.5,200,600,67,200,1000,150,2250,3500,,1300,600,60,15000,1200,26,158,307.5,,,,3.25,,,3025,28802,38254.35714,,,
2020,4,"EasternEquatoria","KapoetaSouth","Kapoeta Town",101,167,245,337.5,559,399,387,200,200,67,250,,,3500,4000,4500,1000,800,116,8000,1750,50,800,310,,,,3.4,,,2595.5,20021,31401.57143,,,
2020,4,"EasternEquatoria","Magwi","Magwi Town",126,179.5,250,338,,333,290.5,200,483.5,57,350,,95,1500,1800,4300,,500,58,,,56.75,400,285,,,0.5975,,,,2591.5,22253,30806.42857,,,
2020,4,"EasternEquatoria","Magwi","Nimule",176,167,300,200,628.5,665,430,294,800,83,500,2500,60,,3000,4000,600,500,58,,,20,500,287.5,,,0.085,,,,3660.5,26109,34125.92857,,,
2020,4,"EasternEquatoria","Torit","Torit Town",,450,200,,,450,250,99,,67,,,,,,,650,600,82.5,,,80,,,,,,,,,3012.5,48249,58467.33929,,,
2020,4,"Jonglei","Akobo","Akobo Town",251,,704,563,,998,509,339,1000,200,800,1000,,,,4500,200,1200,207,7500,,86,1000,310,,7.75,,,,,4994,37911,53128.14286,,,
2020,4,"Jonglei","BorSouth","Bor_PoC",120,,282,304,200,443,258,200,390,300,,500,200,,,,,,103,,,100,690,,,,,,,,2436,17327,30329.76786,,,
2020,4,"Jonglei","Fangak","NewFangak",1703,1554,531.5,450,,,430,204,1000,133,,800,,,,,350,50,83,12000,,43,300,265,,,,,,,6776,164086.5,174048.0714,,,
2020,4,"Jonglei","Nyirol","Lankien",200,,423,394,,333,376.5,271,1000,133,1000,1200,,,2850,,750,700,124,5000,,85.5,300,272.5,,,,,,,3627.5,27268,38951.35714,,,
2020,4,"Jonglei","Pibor","Pibor Town",,,500,600,,600,500,,400,100,,,,,5000,2750,2000,300,193.5,12000,2500,24.5,1000,282.5,,,,,,,,,,,,
2020,4,"Jonglei","TwicEast","Panyagor",200,,423,281.5,,609.5,323,300,600,83,400,1750,100,1700,3750,,900,,87,16000,2750,125,600,275,,,,,,,3367,27385.5,37439.92857,,,
2020,4,"Jonglei","Uror","Mwot Tot",2685,1914,,563,,333,1018,543,700,150,750,1500,,,3500,3500,1000,,112,7500,,,700,,,,,,,,8547,249390,260614.1964,,,
2020,4,"Jonglei","Uror","Pathai",2100,1600,,,,,,,700,135.5,750,1500,250,,3500,,500,450,86,9000,750,,1100,,,,,,,,,,,,,
2020,4,"Jonglei","Uror","Pieri",200,,282,225,,222,600,136,1000,100,,2000,,,2000,,1000,250,,8000,1000,,500,267.5,,,,,,,3295,26134,36300.07143,,,
2020,4,"Lakes","Awerial","Mingkaman",200,,300,300,559,525,300,300,600,91.5,200,1500,350,3250,4000,7000,1250,500,166,8000,3000,36,1500,,,,,,,,3323,26625,41518.19643,,,
2020,4,"Lakes","RumbekEast","Aduel",,300,300,300,75,580,300,400,600,93,750,,150,,,,,,,13500,,40,1250,,,,,,,,3055,36220,46686.48214,,,
2020,4,"Lakes","YirolWest","Yirol Town",,,310,338,168,,258,149.5,600,67,,,,,,,1000,1500,76,,,20,200,,,,,,,,2775,25282,34791.05357,,,
2020,4,"Unity","Koch","Koch Town",,,1220,978,,962,883,450,1000,167,,2000,,,,,1000,,166,,,,400,,,,,,,,,,,,,
2020,4,"Unity","Panyijiar","Nyal",224,,507,405,,798,377,204,700,108.5,500,3000,300,,3500,,,100,232,,,,,,,,,,,,3845,31746,48121.19643,,,
2020,4,"Unity","Pariang","AjuongThok_RC",83,,400,600,280,800,450,300,1000,100,300,1000,250,800,2500,7000,1500,100,29,,,29,500,305,,,,,,,4152,20970,30873.57143,,,
2020,4,"Unity","Pariang","Jamjang",,,400,500,,222,400,330,267,125,,,225,,,,,,35,7000,,29,300,,,,,,,,2949,11400,21004.19643,,,
2020,4,"Unity","Pariang","Pamir_RC",112,,400,500,,,425,320,367,100,,,200,,,,,,41,,,29,350,,,,,,,,3266.5,17214.5,26548.69643,,,
2020,4,"Unity","Rubkona","Bentiu",319,227,493,563,182,1386,484,204,600,100,1000,1200,250,28000,6000,5750,1200,1200,63.5,11000,1550,43,900,286.25,4.25,,,,,,4458,44988,55727.82143,,,
2020,4,"Unity","Rubkona","Rubkona Town",67,227,500,338,978,704,476,204,900,107,800,1500,200,14500,7250,6000,425,500,60,10500,1500,36,600,285,4.75,,,,,,4394,17970,27965.57143,,,
2020,4,"UpperNile","Longochuk","Mathiang",700,700,197,158,196,155,700,95,233,210,210,1400,210,2100,2100,7000,700,70,97,10000,1000,,3000,310,,10,,,,,3134,65888,78156.57143,,,
2020,4,"UpperNile","Longochuk","Udier",1000,1000,1500,450,200,300,430,271,333,500,500,2000,400,3000,3250,15000,1000,400,129.5,10000,1000,,1000,,,,,,,,5484,94969,111818.1964,,,
2020,4,"UpperNile","LuakpinyNasir","Jikmir",400,,448,360,,,344,216,1120,160,,1200,120,,,4800,400,800,136,8000,800,,,,,,,,,,4030.5,47548.5,59192.69643,,,
2020,4,"UpperNile","LuakpinyNasir","Kurenge",400,,560,450,,,430,270,1400,200,,,,,,,500,100,170,7000,1000,300,1000,,,,,,,,4652.5,49282.5,64809.55357,,,
2020,4,"UpperNile","Maiwut","Jikou",,,,,,,,,,,,,,,,,,,,,,,,,,,,,,,,,,,,
2020,4,"UpperNile","Melut","Melut Town",147,,400,600,1397,1109,600,80,333,150,300,1500,150,7000,3000,7000,1000,500,116,10000,2000,21.5,1400,277.5,2.55,,,,,,4905,25289,36370.78571,,,
2020,4,"UpperNile","Melut","Paloich",138,167,400,600,559,1054.5,600,80,333,150,300,1500,150,5000,3000,7000,1000,500,116,10500,2000,25.5,1200,287.5,2.575,,,,,,3931.5,23988.5,35274.57143,,,
2020,4,"UpperNile","Renk","Renk Town",282.5,,350,300,978,1500,350,237.5,267,100,200,1500,100,2250,2750,6500,1350,100,116,,2000,11.5,850,300,1.955,,,,,,4504,40764.5,51243.07143,,,
2020,4,"UpperNile","Ulang","Ulang Town",450,837,704,450,,887,538,448,1550,183.5,1300,1500,,2000,,4500,1100,800,121,9000,625,,500,255,,6.875,,,,,6255,58231,69405.57143,,,
2020,4,"Warrap","GogrialWest","Kuajok",350,290,325,375,106,400,300,,100,63.5,700,1250,110,1400,2350,4500,155,45,58,14250,1250,31.5,500,306.25,,,,,,,2450,35904,44821.25,,,
2020,4,"WesternBahrelGhazal","Wau","Wau Town",157.5,180,375,370,85,600,325,100,500,75,900,800,250,4500,3750,4500,450,500,145,9000,2000,36,2000,285,,,,,,,2692.5,22675,35628.57143,,,
2020,4,"WesternEquatoria","Maridi","Maridi Town",88,108,350,270,447,500,290,204,300,83,600,2500,100,2500,6000,4500,550,300,87,14500,2500,17.5,300,310,,,,,,,2557,16224,25952,,,
2020,4,"WesternEquatoria","Yambio","Yambio Town",,60,,293,335,443,323,235.5,400,67,1250,,100,,3750,5000,1000,1500,69,,2000,23,150,275,,,,,,,2689.5,12022.5,20566.64286,,,
2020,5,"CentralEquatoria","Juba","Juba Town",414.5,395,220,300,908,500,240,180,400,50,,,,,,,,,,,,71.5,800,290,,,0.09,,,,3557.5,42630,52657.85714,,,
2020,5,"EasternEquatoria","Budi","Chukudum",151,144,300,325,838,300,300,200,500,83,300,,200,,3500,,200,,55.5,,,12,,270,,,,,,,3058,18860,28115.85714,,,
2020,5,"EasternEquatoria","KapoetaEast","Narus",377,478,250,450,600,150,215,200,600,67,200,1900,275,2500,3000,7000,1000,550,58.5,11500,1500,26,300,295,,,,3.1,,,3320,48170,58864.85714,,,
2020,5,"EasternEquatoria","KapoetaSouth","Kapoeta Town",91,191,300,450,1117,443,430,80,200,67,250,,300,3500,3000,4500,1000,500,145,7000,1500,40,800,303.75,,,,3.45,,,3302,22457,36315.60714,,,
2020,5,"EasternEquatoria","Lafon","Longiro",440,,,411,119,333,290,230.5,510,91.5,,,,,,,165,300,42,8500,1350,,,,,,,,,,2972.5,45887.5,55258.10714,,,
2020,5,"EasternEquatoria","Magwi","Magwi Town",126,120,275,338,,333,258,200,430,53,400,,90,1500,2250,4500,,500,58,,,6,350,280,,,0.0925,,,,2429,16577,24526.42857,,,
2020,5,"EasternEquatoria","Magwi","Nimule",176,239,423,338,838,665,312,250,433,67,400,,100,,2750,,500,500,58,,,20,400,295,,,0.0705,,,,3674,30343,38871.42857,,,
2020,5,"EasternEquatoria","Torit","Torit Town",400,400,400,300,132,450,300,132,147,58.5,,,,,,,725,625,81.5,,,47.5,,285,,,,,,,2661,41064,51512.14286,,,
2020,5,"Jonglei","Akobo","Akobo Town",,,704,563,,,509,271,1000,200,,1500,,,,5000,250,900,207,,,57,800,310,,7.75,,,,,4308,33361,48929.57143,,,
2020,5,"Jonglei","BorSouth","Bor_PoC",,,282,270,533,443,215,220,600,80,,,250,,,,,,87,,,29,800,,,,,,,,2975,18607,29854.32143,,,
2020,5,"Jonglei","Fangak","NewFangak",750,750,563,450,,,430,204,1000,141.5,500,1200,225,,,,300,50,69,12000,600,43,430,275,,,,,,,4996,78204,88866.57143,,,
2020,5,"Jonglei","Nyirol","Lankien",200,150,423,450,,225,430,339,1000,108.5,,1500,,,3000,4500,700,800,69,5500,800,85.5,600,265,,,,,,,3566,26364,36722.85714,,,
2020,5,"Jonglei","Pibor","Pibor Town",,,400,400,,600,450,600,183,100,400,200,250,2500,,9000,750,150,190.5,17000,2500,145,1000,291.25,,,,,,,3394,,,,,
2020,5,"Jonglei","TwicEast","Panyagor",,,350,338,,498.5,323,350,600,91.5,200,,150,,3000,,900,1000,87,25000,2500,150,800,,,,,,,,3220.5,26436.5,37589.96429,,,
2020,5,"Lakes","Awerial","Mingkaman",200,,375,325,200,500,300,300,600,91.5,300,1500,325,3250,3000,7000,1500,1000,580,14500,,71,600,,,,,,,,3039,26400,53766.32143,,,
2020,5,"Lakes","RumbekEast","Aduel",200,300,300,400,250,600,300,475,600,100,,,150,,,,,,,12500,,40,,,,,,,,,3425,27475,36911.60714,,,
2020,5,"Lakes","YirolWest","Yirol Town",150,,245,300,,443,258,136,1000,50,450,425,200,5000,2500,5000,375,800,52,11000,2000,60,1000,293.75,,,,,,,3120,23623,33391.03571,,,
2020,5,"NorthernBahrelGhazal","AweilCentre","Aweil Town",175,,300,400,106,700,310,300,600,67,1000,,,,,4500,700,250,58,,1300,29,200,292.5,,,,,,,3130,25950,35713.07143,,,
2020,5,"NorthernBahrelGhazal","AweilNorth","Gok-Machar",171,,300,400,113,,300,300,600,83,800,,100,,,,300,100,28,9000,,23,,,,,,,,,2923,23790,31433.89286,,,
2020,5,"NorthernBahrelGhazal","AweilWest","Marial Baai",143,,300,375,113,600,325,110.5,530,67,850,,80,,,4500,350,,34,,,18.5,1450,,,,,,,,2735.5,21560.5,29009.82143,,,
2020,5,"NorthernBahrelGhazal","AweilWest","Nyamlel Town",129,,375,425,102,650,350,250,600,75,500,600,150,,2700,5500,400,150,58,,,29,300,,,,,,,,3120,21310,30457.32143,,,
2020,5,"Unity","Koch","Koch Town",90,,1220,978,,,907.5,500,1000,167,,,300,,,,,,145,,,,500,,,,,,,,5783.5,19100,33213.60714,,,
2020,5,"Unity","Panyijiar","Nyal",173,239,507,371.5,,532,305,204,700,117,300,,150,,2500,,,2000,,10000,,,,265,,,,,,,3380.5,24762,33806.85714,,,
2020,5,"Unity","Pariang","AjuongThok_RC",75,,400,600,279,111,500,350,333,100,,,200,,,,1500,150,29,,,29,500,292.5,,,,,,,2887,10097,19188.07143,,,
2020,5,"Unity","Pariang","Jamjang",77,,450,600,279,222,200,340,800,100,,,200,,,,,,29,7500,575,29,,,,,,,,,3207,14068,23095.32143,,,
2020,5,"Unity","Pariang","Pamir_RC",69,,400,600,279,100,400,340,333,91.5,,,200,,,,,,29,,,29,375,,,,,,,,2760,9448,18424.32143,,,
2020,5,"Unity","Rubkona","Bentiu",71,239,521,586,182,776,500,300,775,125,1000,1350,250,29500,7500,6500,1400,600,58,10000,1000,39.5,700,286.25,5.375,,,,,,3950,18324,29018.82143,,,
2020,5,"Unity","Rubkona","Rubkona Town",151,299,500,399.5,349,726.5,465.5,204,700,100,1500,1550,300,,9000,7000,725,300,58,10000,1450,36,600,280,2.2,,,,,,3794.5,24532.5,35541.07143,,,
2020,5,"UpperNile","Longochuk","Mathiang",500,500,781.5,450,919,1000,430,271,1000,500,300,400,300,4000,3000,,1000,3000,415,10000,1000,,1000,,,10,,,,,5851.5,60271,84482.60714,,,
2020,5,"UpperNile","Longochuk","Udier",700,700,845,450,838,1500,430,271,1000,500,300,400,500,4000,4000,10000,1000,3000,116,10000,1000,,1000,310,,10,,,,,6734,82771,100773.8571,,,
2020,5,"UpperNile","LuakpinyNasir","Kurenge",330,,560,450,,,430,200,1600,170,,1500,250,,,5000,1000,100,60,,,30,1000,,,,,,,,4658,44000,54985.89286,,,
2020,5,"UpperNile","Melut","Melut Town",163,,600,600,559,,400,80,333,150,300,1500,1500,7000,3000,7000,1000,500,166,15000,2000,14,1300,280,2.6,,,,,,3474,21248,50008,,,
2020,5,"UpperNile","Melut","Paloich",163,239,600,600,698.5,1000,400,80,333,150,300,1500,150,5000,3000,7000,1000,500,53.5,15000,1750,43,1300,280,2.85,,,,,,4113.5,25748,35181.57143,,,
2020,5,"UpperNile","Renk","Renk Town",161,,1197.5,1070,559,776,305,74,300,100,400,6500,1450,7000,2625,8500,775,100,121,,1750,9,550,280,3.9125,,,,,,4681.5,23348,49815.14286,,,
2020,5,"UpperNile","Ulang","Ulang Town",706,,845,676,,554,645,448,1600,167,,1500,,1250,,4000,1250,1000,138,8000,500,,100,,,6.5,,,,,6062,78574,91277.60714,,,
2020,5,"Warrap","GogrialWest","Kuajok",190,215,450,405,140,450,350,107,106.5,67,800,1100,180,2500,2350,3100,150,50,58,9800,1050,196.5,550,292.5,,,,,,,2413.5,21896,32854.78571,,,
2020,5,"WesternBahrelGhazal","Raja","DeimZubier",1109,,,375,559,,350,136,433,83,1150,,150,,,,,,,,,29,330,,,,,,,,4101,107044,116284.3214,,,
2020,5,"WesternBahrelGhazal","Wau","Wau Town",275,130,375,360,75,500,375,100,500,83,950,400,200,4500,3500,4750,450,450,87,8000,2000,57,1700,288.75,,,,,,,2690,32350,43255.32143,,,
2020,5,"WesternEquatoria","Maridi","Maridi Town",101,108,563,280,447,500,300,204,300,83,500,2500,,2500,5000,4250,,300,87,,,15,300,296.25,,,,,,,2803,16224,26896.82143,,,
2020,5,"WesternEquatoria","Yambio","Yambio Town",,120,352,293,576.5,554,430,204,550,67,700,1500,200,,4250,6000,1000,550,59,25000,2250,20,200,286.25,,,,,,,3252.5,19290,28899.67857,,,
2020,6,"CentralEquatoria","Juba","Juba Town",150,150,225,300,180,475,245,200,400,60,,,,,,,,,87,,,71.5,500,300,,,0.09,,,,2325,20375,31427.85714,,905,
2020,6,"EasternEquatoria","Budi","Chukudum",125,200,250,369,750,222,215,200,500,83,400,700,100,200,4500,6250,200,450,52,8000,1000,15,500,270,,,,,,,2831,23198,31174.57143,,992,
2020,6,"EasternEquatoria","KapoetaEast","Narus",202,239,250,450,838,443,430,200,600,67,200,2000,175,2500,5250,7000,1000,500,55,9500,1100,23,200,300,,,,3.25,,,3652,29297,38746.14286,,1388,
2020,6,"EasternEquatoria","KapoetaSouth","Kapoeta Town",101,167,250,450,1117,443,430,103,200,75,250,600,300,2500,3500,4500,1000,550,145,8000,1800,80,800,302.5,,,,3.15,,,3261,20320,34548.21429,,1223,
2020,6,"EasternEquatoria","Lafon","Imehejek",400,,,349,325,,516,224,250,75,,,,,,,225,400,130.5,6500,1250,,,,,,,,,,3177,42368,54366.57143,,1573.5,
2020,6,"EasternEquatoria","Magwi","Nimule",176,167,352,338,838,720.5,323,200,400,62,450,1500,60,1500,2500,3500,550,500,58,,,20,500,312.75,,,0.0835,,,,3514.5,24114.5,32434.67857,,1066,
2020,6,"EasternEquatoria","Torit","Torit Town",400,400,200,300,170,400,250,103,433,51,182.5,3250,200,4425,3500,4775,775,500,72.5,,,70,250,,,,,,,,2656,42301,52797,,1401,
2020,6,"Jonglei","Akobo","Akobo Town",161,,704,563,,,509,339,1000,200,800,1300,,,,5500,750,900,207,,,86,550,305,,7.75,,,,,4276.5,25473,41175.14286,,1666.5,
2020,6,"Jonglei","BorSouth","Bor_PoC",110,,282,225,433.5,443,258,200,500,83,,500,350,,,,,600,87,,,100,690,,,,,,,,2685,17087,30267.14286,,909.5,
2020,6,"Jonglei","Fangak","NewFangak",200,200,774.5,563,,,418.5,204,1000,133,,,,,,,350,50,83,13000,,57,,280,,,,,,,4127,28848,39754.57143,,1514.5,
2020,6,"Jonglei","Nyirol","Lankien",100,,423,450,,200,418.5,271,1000,133,1200,1500,,,3600,,600,700,52,,,107.5,400,255,,,,,,,3347,17071,27055.42857,,1335,
2020,6,"Jonglei","Pibor","Pibor Town",,,500,500,1000,700,500,300,,100,1500,750,200,,,10000,1250,300,116,15000,2750,175,1500,295,,,,,,,4521.5,,,,1521.5,
2020,6,"Lakes","Awerial","Mingkaman",300,300,375,325,,500,375,300,650,108.5,300,1500,325,3500,3500,7500,850,600,186.5,12750,1900,,550,,,,,,,,3376,40200,55609.57143,,1408.5,
2020,6,"Lakes","RumbekEast","Aduel",,350,300,325,,600,300,300,200,93,,,150,,,,,,,15000,,77.5,,,,,,,,,2814,38400,48739.78571,,1256,
2020,6,"NorthernBahrelGhazal","AweilCentre","Aweil Town",200,228,345,400,102,700,325,270,560,67,675,1000,240,5500,2700,4200,725,300,58,,1200,26,300,312.5,,,,,,,3130,27930,38487.35714,,1220,
2020,6,"NorthernBahrelGhazal","AweilNorth","Gok-Machar",700,,350,500,113,,350,147,600,83,800,,100,,,,375,165,46.5,7500,1500,23,1200,,,,,,,,3509.5,71391,79696.14286,,1866.5,
2020,6,"NorthernBahrelGhazal","AweilWest","Marial Baai",171,,350,350,113,575,350,500,600,67,,,,,,,325,200,43,,1500,23,1500,,,,,,,,3242.5,24665,33939.14286,,1171.5,
2020,6,"NorthernBahrelGhazal","AweilWest","Nyamlel Town",186,,400,500,113,750,375,280,600,67,,750,,,3000,5250,400,200,58,7500,1000,29,300,310,,,,,,,3437.5,27370,37400.57143,,1361.5,
2020,6,"Unity","Koch","Koch Town",,,1018.5,816.5,,962,883,450,1000,167,,2000,350,,7500,,,,166,,,,,,,,,,,,5802.5,32028,47473.57143,,2288,
2020,6,"Unity","Panyijiar","Nyal",224,214,423,338,,532,323,204,700,108.5,300,,200,,,,,600,,15000,,,450,265,,,,,,,3209,29352,39459.07143,,1207.5,
2020,6,"Unity","Pariang","AjuongThok_RC",93,,400,600,279,111,450,340,1000,100,500,1500,200,1600,,,1500,300,30,,,29,700,293.75,,,,,,,3506.5,15709,24851.32143,,1476.5,
2020,6,"Unity","Pariang","Pamir_RC",83,,400,700,279,111,450,340,950,100,,1300,175,1500,,,,,29,,,29,700,,,,,,,,3546.5,14509,23342.57143,,1566.5,
2020,6,"Unity","Rubkona","Bentiu",267,538,521,507,209,720.5,512.5,204,650,100,1200,1475,260,15000,7500,7000,1200,300,58,9250,1050,125,700,295,3.375,,,,,,4129,34618.5,46164.92857,,1924.5,
2020,6,"Unity","Rubkona","Rubkona Town",281.5,562,521,518,209,776,518,204,800,133.5,1050,1600,250,16000,8500,7250,1625,450,58,8500,1300,125,850,296.25,3.75,,,,,,4389.5,37323,48971.67857,,2013,
2020,6,"UpperNile","Longochuk","Mathiang",500,500,169,135,,,125.5,41,500,150,,,,,,,500,150,34,5000,500,,1500,285,2.75,5.375,,,,,2737.5,52685,62068.57143,,1410.5,
2020,6,"UpperNile","Longochuk","Udier",101,101,197,158,,,151,,1000,233.5,,,,,,,500,70,52,7000,600,,1500,287.5,1.95,4.95,,,,,2679,19938,30405.07143,,744.5,
2020,6,"UpperNile","Melut","Melut Town",163,,400,600,227,,400,80,400,150,300,1500,150,7000,3000,7000,1000,500,116,12000,2000,14,1300,285,2.625,,,,,,3019.5,21794,32939,,1546.5,
2020,6,"UpperNile","Melut","Paloich",163,,400,600,227,1000,600,80,333,150,300,1500,150,7000,3000,7000,1000,500,116,1200,1500,29,1200,287.5,2.675,,,,,,3636.5,25748,37064.07143,,1746.5,
2020,6,"UpperNile","Renk","Renk Town",242,,250,250,198.5,400,300,200,840,120,300,1550,100,2500,1750,,1100,100,116,,850,10,950,,,,,,,,2914,30620,41120.71429,,1145.5,
2020,6,"UpperNile","Ulang","Ulang Town",628,718,845,563,,,968,448,1200,167,,1500,,1750,,4500,1500,1000,155,5000,375,,500,205,,,,,,,6137,68812,80567.57143,,3044,
2020,6,"Warrap","GogrialWest","Kuajok",245,290,300,420,275,480,320,71,83.5,67,900,680,195,2500,2800,2200,240,75,81,7500,900,29,350,,,,,,,,2484.5,26942,37377.57143,,1342,
2020,6,"WesternBahrelGhazal","Wau","Wau Town",190,220,350,350,100,850,350,250,500,83,950,400,225,4500,3500,5000,375,325,87,8000,1750,50,1300,305,,,,,,,3160,28000,39421.57143,,1193,
2020,6,"WesternEquatoria","Maridi","Maridi Town",119.5,132,620,265,447,500,280,210.5,300,77,500,2475,100,2500,5000,4750,500,300,87,13000,2100,20,300,295,,,,,,,2874,18390.5,27848.92857,,873.5,
2020,6,"WesternEquatoria","Yambio","Yambio Town",,375,,293,335,532,323,260.5,500,67,750,,110,,4000,5750,1000,1000,50,,2500,60,250,291.25,,,,,,,3170,41798.5,50486.03571,,1246,
2020,7,"CentralEquatoria","Juba","Juba Town",185,160,430,300,450,600,260,200,400,57,300,1325,100,3900,3000,4000,1000,500,103,,3500,25,,336.25,,,,,,,2985,22400,32962.53571,,962,18
2020,7,"EasternEquatoria","KapoetaEast","Narus",151,162,250,225,279,222,215,200,600,67,200,,75,1500,8000,6500,1000,600,62,11250,1350,100,,305,,,1.5,3,,,2304,20378,29582.14286,,820,
2020,7,"EasternEquatoria","KapoetaSouth","Kapoeta Town",151,191,250,450,447,377,430,118,500,67,250,1900,375,3000,4500,4000,1200,800,145,18000,2000,60,,337.5,,,,3.5,,,2914,23701,39204.78571,,1289,
2020,7,"EasternEquatoria","Lafon","Longiro",425,,,484,425,,390,305,300,108.5,,,,,,,200,283.5,41,8500,1250,,,292.5,,,,,,,3527,28763,38565.07143,,1650.5,
2020,7,"EasternEquatoria","Magwi","Magwi Town",126,239,225,338,279,222,323,200,500,50,500,,150,2000,2000,4500,,300,58,,,8,,297.5,,,0.09125,,,,2452,26708,35674.07143,,1076,
2020,7,"EasternEquatoria","Magwi","Nimule",213.5,239,423,304,838,665,323,200,400,63.5,400,1250,55,950,2500,4150,300,300,58,,2800,20,,332.5,,,0.08875,2.65,,,3605.5,30095,38699.92857,,1143,
2020,7,"EasternEquatoria","Torit","Torit Town",,,,,,,,,,62.5,185,3500,250,4525,3500,4525,775,625,80,,,70,,,,,,,,,3366.75,,,,1384.75,
2020,7,"Jonglei","Akobo","Akobo Town",273,,704,563,,,509,339,333,200,,1200,,,,5500,800,900,207,6750,,86,,310,,6.75,,,,,3775,31695,47812.14286,,1788,
2020,7,"Jonglei","BorSouth","Bor_PoC",403,,282,225,1117,443,215,136,200,83,,,350,,,,,150,116,,,29,,,,,,,,,3264,41593,55353.32143,,1169,
2020,7,"Jonglei","Fangak","NewFangak",273,,563,600,,,418.5,204,1000,133,500,1500,,,,,350,100,52,12000,600,71.5,,295,,,,,,,4112.5,35562,46247.85714,,1667.5,
2020,7,"Jonglei","Nyirol","Lankien",100,90,423,450,,443,407,271,1000,133,,1500,,,3500,,800,750,166,5000,800,85.5,,270,,,,,,,3463,19258,33058.85714,,1180,
2020,7,"Jonglei","TwicEast","Panyagor",,478,563,450,,665,430,400,233,100,300,,,,3000,,1000,200,138,15000,3000,29,,,,,,,,,3727.25,50803,63825.32143,,1687.25,
2020,7,"Lakes","Awerial","Mingkaman",255,,400,350,300,600,375,300,600,108.5,225,1500,350,3500,4500,7500,1550,900,638,,,,,,,,,,,,3423,32250,61823.32143,,1331.5,
2020,7,"NorthernBahrelGhazal","AweilCentre","Aweil Town",280.5,243,325,400,132,700,325,280,550,73,1000,500,330,,3300,4000,,300,83,,1600,26,,335,,,,,,,3235.5,35125,47930.85714,,1321.5,
2020,7,"NorthernBahrelGhazal","AweilNorth","Gok-Machar",289.5,259,400,500,,,400,221,700,100,1000,,100,,,,500,200,69,,,45,,,,,,,,,3580.5,35264,44853.46429,,1548.5,
2020,7,"NorthernBahrelGhazal","AweilWest","Marial Baai",212,194,350,500,151,550,350,202.5,600,83,1000,,100,,4000,5250,600,50,41,5000,1200,35,,332.5,,,,,,,3109.5,27832.5,36713,,1339,
2020,7,"NorthernBahrelGhazal","AweilWest","Nyamlel Town",255,227,400,500,151,750,400,280,600,83,200,500,100,,5000,,400,50,58,12000,1450,29,,325,,,,,,,3563,33580,42791.57143,,1465,
2020,7,"Unity","Koch","Koch Town",,,610,489,,721,466,400,1000,167,,,300,,,,1000,,166,,,,,,,,,,,,4437.25,,,,1594.25,
2020,7,"Unity","Panyijiar","Nyal",212,186.5,423,338,,333,323,204,600,100,500,2500,,,,,1250,,103,,,,,,,,,,,,2898.5,25881,37853.32143,,1159.5,
2020,7,"Unity","Pariang","AjuongThok_RC",101,,400,700,279,111,500,330,366.5,100,500,1350,275,1600,,,1600,300,34,,,29,,300,,,,,,,3030.5,12618,22886.57143,,1644,
2020,7,"Unity","Pariang","Jamjang",63,,500,800,279,222,250,400,1200,133,,,300,,,,,,29,8750,900,29,,,,,,,,,3957,15268,26118.32143,,1489,
2020,7,"Unity","Pariang","Pamir_RC",63,,350,800,279,222,250,340,1200,117,,,250,,,,,,29,,,29,,,,,,,,,3747,15208,25362.32143,,1473,
2020,7,"Unity","Rubkona","Bentiu",403,789,704,563,642,710,559,252,950,150,1150,1675,275,,9500,7250,1325,775,58,19000,1200,125,,321.25,3.625,,,,,,5572,48612,61084.67857,,2464,
2020,7,"Unity","Rubkona","Rubkona Town",383,801,704,586,615,665,538,400,900,150,1500,1600,300,,8000,6500,2000,525,58,15750,1500,50,,315,3.875,,,,,,5592,46255,58278.57143,,2458,
2020,7,"UpperNile","Longochuk","Mathiang",681,648,3000,450,400,451,418.5,271,1000,500,,2000,500,4000,5000,15000,1000,3250,249,15000,2000,,,300,,10,,,,,7319.5,71620,93438.57143,,2697.5,
2020,7,"UpperNile","Longochuk","Udier",273,324,229,337.5,,,311,203.5,600,250,,2000,,,,,650,610,136,12000,1500,,,300,,10,,,,,3089,33161.5,46790.07143,,1495.5,
2020,7,"UpperNile","Malakal","Malakal PoC",1400,1600,450,550,,600,500,200,1000,183.5,,,,,,8000,,,,,,,,315,,,,,,,6579,137600,149584.5714,,4233.5,
2020,7,"UpperNile","Melut","Melut Town",204,,550,600,227,,550,80,400,150,300,1500,150,5000,4000,7000,1000,500,116,15000,1500,14,,305,,,,,,,3386,25628,37113,,1747,
2020,7,"UpperNile","Melut","Paloich",204,,500,600,227,1000,500,80,400,150,300,1500,150,6000,4000,7000,1000,500,116,12000,1500,29,,307.5,,,,,,,3754,29840,41496.07143,,1697,
2020,7,"UpperNile","Ulang","Dome",,,704,450,,,1075,271,,175,2000,,,,7000,,1000,300,17,9000,800,,,,,,,,,,4383.25,,,,2172.25,
2020,7,"UpperNile","Ulang","Kuich",273,324,763,,,,552,448,1200,167,900,,,1000,,4000,650,900,86,8000,500,,,,,,,,,,4821,37006,48870.32143,,1766,
2020,7,"UpperNile","Ulang","Ulang Town",201.5,243,282,338,,,552,95,533,150,1200,650,,1500,,5000,1000,100,138,9750,500,,,260,,6,,,,,3055.5,26216,38624.57143,,1484.5,
2020,7,"UpperNile","Ulang","Yamding",245,259,763,450,,451,552,448,,167,850,1000,300,1000,3000,3500,450,,155,7750,500,,,,,,,,,,4047,30157,44991.32143,,1673,
2020,7,"Warrap","GogrialWest","Kuajok",246,389,345,450,132,500,350,92,87,67,800,600,180,2300,3400,6000,160,80,124,5000,1400,32,,331.25,,,,,,,2591,27254,39441.53571,,1502,
2020,7,"WesternBahrelGhazal","Raja","DeimZubier",,,400,,,,400,136,600,100,1000,,150,,,,,60,34,,,29,,,,,,,,,3269.25,,,,1422.25,
2020,7,"WesternBahrelGhazal","Wau","Wau Town",206,400,350,325,100,850,350,150,450,83,900,550,225,4250,3750,5000,475,500,103.5,7750,1350,57,,333.75,,,,,,,3181,29040,41505.32143,,1364,
2020,7,"WesternEquatoria","Maridi","Maridi Town",107,132,,280,461,500,300,210.5,310,76,,2500,105,2500,5000,4500,500,300,87,,2100,17.5,,318.75,,,,,,,2723.5,18450.5,28345.25,,895,
2020,7,"WesternEquatoria","Yambio","Yambio Town",,144,,338,363,532,323,200,133,60,900,,100,,5000,5250,1000,500,59,25000,3500,57,,313.75,,,,,,,2685.25,18746,27898.32143,,1094.25,
2020,8,"CentralEquatoria","Juba","Juba Town",180,175,300,400,165,650,290,200,383.5,67,250,1500,100,3900,3000,5000,1500,1250,145,,4000,25,,364.5,,,0.115,,,,2743.5,24101,36463.78571,,1112,19
2020,8,"EasternEquatoria","Budi","Chukudum",,,350,281.5,,300,215,204,500,83,300,600,100,2500,3500,,200,300,69,5000,1000,15,,295,,,,,,,2468,,,,970,
2020,8,"EasternEquatoria","KapoetaEast","Narus",166.5,226.5,250,225,279,222,215,100,1000,67,800,600,275,13500,2500,6250,1000,600,52,21500,1000,23,,340,,,,3.4,,,2684,28483,39722.14286,,900,
2020,8,"EasternEquatoria","Lafon","Longiro",575,,,450,325,,475,202,183.5,91.5,,,,,,,125,319,43,8500,1250,,,337.5,,,,,,,3401.5,23506,33491.07143,,1780.5,
2020,8,"EasternEquatoria","Magwi","Magwi Town",126,120,250,338,489,443,323,200,333,51.5,475,1500,150,2000,2500,4500,,300,58,,,12.75,,330,,,0.0925,,,,2622,16985,26553.28571,,958.5,
2020,8,"EasternEquatoria","Magwi","Nimule",176,239,300,450,698,776,430,240,400,67,450,1500,100,1450,1500,4250,150,500,87,,2800,20,,365,,,0.5545,,,,3709,31134,41722.42857,,1362,
2020,8,"EasternEquatoria","Torit","Torit Town",144,178,300,400,189,450,300,132,467,56,187.5,3400,250,4500,3475,4500,775,600,91,,,70,,350,,,,,,,2560,23004,35620,,1078,
2020,8,"Jonglei","Akobo","Akobo Town",202,,704,563,,,538,339,1000,200,800,1000,,,,6000,800,900,207,,,86,,305,,7.25,,,,,4339,29712,45204.14286,,1692,
2020,8,"Jonglei","BorSouth","Bor Town",150,200,250,265,125,200,300,300,500,200,,1500,300,,,4500,,,,,,,,,,,,,,,2290,18600,31668.57143,,1115,
2020,8,"Jonglei","BorSouth","Bor_PoC",224,,282,225,1117,443,215,136,200,83,,,,,,,,150,116,,,29,,,,,,,,,3031,25483,37819.57143,,936,
2020,8,"Jonglei","Fangak","NewFangak",328,324,563,475,,,430,204,800,133,500,1500,,,,,100,125,58,,,500,,322.5,,,,,,,3928,39717,54183.21429,,1690,
2020,8,"Jonglei","Nyirol","Lankien",164,162,423,450,,443,430,271,1000,150,,1500,,,3500,,800,700,155,5000,1000,85.5,,320,,,,,,,3570,25018,38900.85714,,1356,
2020,8,"Jonglei","TwicEast","Wanglei",157,129.5,610,489,,721,466,147,700,100,,,,,,,,,,,,,,,,,,,,,3646.5,24966,35994.57143,,1341.5,
2020,8,"Lakes","Awerial","Mingkaman",300,,425,375,300,600,350,400,650,108.5,350,1750,500,4000,4250,7500,,,166,7750,,93,,,,,,,,,3589,36700,55078.14286,,1322.5,
2020,8,"Lakes","Cueibet","Cueibet Town",,,,500,,1200,280,200,500,83,1000,825,500,1500,4500,4500,350,300,51,12750,2200,187.5,,353.75,,,,,,,3722.5,26600,42248.89286,,1253.5,
2020,8,"Lakes","RumbekCentre","Rumbek Town",140,170,400,,155,750,,,,,,,,,,,500,,,,,,,,,,,,,,3235.5,22920.5,33949.07143,,1260,
2020,8,"Lakes","RumbekEast","Aduel",,300,330,400,,750,360,400,600,100,,,,,,,,,,12000,,125,,,,,,,,,3568.5,37750,49601.42857,,1361.5,
2020,8,"Lakes","YirolWest","Yirol Town",140,100,303,300,120,355,300,280,600,67,1025,2000,200,3500,3000,5000,600,600,69,12400,2150,20,,352.5,,,,,,,2498,19675,30710.92857,,907,
2020,8,"NorthernBahrelGhazal","AweilCentre","Aweil Town",340,,350,475,189,700,350,285.5,560,83,500,1000,150,,2500,4500,,300,58,,1500,29,,372.5,,,,,,,3438.5,40545.5,51164.57143,,1437,
2020,8,"NorthernBahrelGhazal","AweilNorth","Ariath",338.5,,,450,189,,400,1000,366.5,77,,,80,1350,4000,5000,200,80,41,6500,700,,,367.5,,,,,,,3935,38857,48005.07143,,1454.5,
2020,8,"NorthernBahrelGhazal","AweilNorth","Gok-Machar",333,,450,500,227,,390,235,600,83,1000,,,,,,,300,46.5,,,23,,,,,,,,,3501,38998,49198.14286,,1495,
2020,8,"NorthernBahrelGhazal","AweilWest","Marial Baai",306,,,,189,700,400,500,333,83,550,,100,,4100,5800,500,100,41,8750,900,29,,372.5,,,,,,,3492,36338,45847.07143,,1428,
2020,8,"NorthernBahrelGhazal","AweilWest","Nyamlel Town",374,,450,500,227,800,400,300,600,83,,,150,,3800,,,300,58,,,29,,372.5,,,,,,,3840,44760,55379.07143,,1546,
2020,8,"Unity","Koch","Koch Town",750,,305,978,,962,932,368,1000,167,,,300,,4500,,1000,200,166,,,,,,,,,,,,5711,82526,98306.57143,,3016,
2020,8,"Unity","Pariang","AjuongThok_RC",126,,425,750,279,222,400,350,333,100,500,1000,200,1750,,8500,1000,100,34,,,23,,338.75,,,,,,,3074,15686,25661.89286,,1565,
2020,8,"Unity","Pariang","Jamjang",118.5,,400,750,,111,400,400,333,117,,,,,,,,,34,,,23,,,,,,,,,2928.5,14062,24091.14286,,1574.5,
2020,8,"Unity","Pariang","Pamir_RC",90,,450,800,279,111,425,340,333,100,,,200,,,,,,29,,,29,,,,,,,,,3017,11437,21505.57143,,1604,
2020,8,"Unity","Rubkona","Bentiu",201,467,563,619,209,820,473,300,900,133,1200,1400,300,14000,6500,7000,2000,1350,103,14000,1300,36,,352.5,3.75,,,,,,4552,31170,44959.07143,,1893,
2020,8,"Unity","Rubkona","Bentiu_PoC",,,457.5,305,,,283.5,184,750,167,,1200,,,,,,,,,,,,,,,,,,,3174.5,27967,39397.57143,,1146,
2020,8,"Unity","Rubkona","Rubkona Town",202,461,563,676,209,843,458,300,900,117,1300,1500,300,15000,6500,7000,2000,1500,103,15000,1500,36,,352.5,3.75,,,,,,4612,31467,45160.07143,,1914,
2020,8,"UpperNile","Fashoda","Aburoc",157,,425,575,,450,400,400,1120,275,500,1500,,,3900,10500,350,525,69,7800,755,51.5,,338,,,,,,,3943,25300,37367.42857,,1596,
2020,8,"UpperNile","Fashoda","Kodok",151,,425,600,,,400,388,1030,300,600,1600,400,4000,3100,10500,475,412.5,87,6975,750,57,,338.75,11.375,,,,,,3987,25351,40808.32143,,1640,
2020,8,"UpperNile","Longochuk","Mathiang",,,,180,,,129,41,667,250,,,,,,,500,30,207,15000,1500,,,330,,5,,,,,2636.5,,,,949.5,
2020,8,"UpperNile","Longochuk","Udier",700,700,,338,,,305,136,1000,300,,3000,,,,,700,600,174,22000,1000,,,,,,,,,,4408,74329,89707.57143,,2343,
2020,8,"UpperNile","Melut","Melut Town",204,,600,600,265,,600,80,400,150,300,1500,150,5000,4000,7500,1000,500,69,15000,2000,17,,350,3.075,,,,,,3515,26033,36898.71429,,1743,
2020,8,"UpperNile","Melut","Paloich",204,,600,600,265,1000,600,80,400,150,300,1500,150,5000,4000,7000,1000,600,69,15000,2000,29,,355,3.65,,,,,,3938,29840,40893.57143,,1743,
2020,8,"UpperNile","Renk","Renk Town",197,,300,325,303,271,425,120,1000,165,280,2500,150,3500,2600,13500,1150,175,105.5,,,,,357.5,3.85,,0.1,,,,3130,26289,38570.07143,,1301,
2020,8,"UpperNile","Ulang","Ulang Town",273,50,915,901,,776,,,,233.5,300,1550,,1500,,6000,1600,800,138,9000,850,,,257.5,,8,,,,,4312.5,35124.5,47451.57143,,1857.5,
2020,8,"Warrap","GogrialWest","Kuajok",288,837,475,450,208,380,400,88,120,70,850,600,180,1500,2350,5000,175,92.5,116,4750,875,41.5,,367.5,,,,,,,3246,30148,42811.21429,,2045,
2020,8,"WesternBahrelGhazal","Raja","DeimZubier",,,400,400,,,450,136,700,83,1200,,,,,,,250,34,17250,1600,29,,,,,,,,,3280.5,,,,1323.5,
2020,8,"WesternBahrelGhazal","Wau","Wau Town",225,200,350,350,200,750,350,100,500,75,850,800,225,4500,3750,4500,500,450,124,8000,1950,50,,355,,,,,,,3025,30100,43433.57143,,1200,
2020,8,"WesternEquatoria","Maridi","Maridi Town",,120,591.5,290,433,500,300,210.5,310,78,,2500,100,2500,5000,4250,475,300,87,,2000,20,,338.75,,,,,,,2956.5,17370.5,27578.67857,,989.5,
2020,8,"WesternEquatoria","Yambio","Yambio Town",176,120,700,338,363,554,430,200,500,67,925,,175,,5250,6000,1000,1100,64,25000,3500,23,,350,,,,,,,3381,18986,29555.14286,,1131,
2020,9,"CentralEquatoria","Juba","Juba Town",195,210,500,400,645,700,300,240,467,67,400,1500,300,3000,3000,4500,2000,600,174,22000,4500,30,,406.25,,,0.13125,,,,3657,28242,44627.39286,,1172,
2020,9,"EasternEquatoria","KapoetaEast","Katodori",157,,350,,,,628,204,900,100,500,500,,,,,,,,13000,1000,34,,410,,,,4.1,,,4018,25809,39160.42857,,1710,
2020,9,"EasternEquatoria","KapoetaEast","Narus",182,227,250,225,279,222,215,100,600,75,800,1250,250,13500,6000,7000,1500,700,57,18000,1000,29,,370,,,,3.9,,,2300,26128,37826.57143,,924,
2020,9,"EasternEquatoria","KapoetaSouth","Kapoeta Town",157,167,250,500,1117,443,415,136,600,67,250,,150,,4500,7000,,500,69,27000,2600,23,,,,,,,,,3785,22753,33937.14286,,1306,
2020,9,"EasternEquatoria","Lafon","Longiro",175,,,128,,,485,300,600,100,,,,,,,,,39.5,8500,1250,,,405,,,,,,,3517,25725,37703.57143,,1213,
2020,9,"EasternEquatoria","Magwi","Magwi Town",113.5,120,563,349,559,443,323,200,450,67,425,1500,70,2250,2500,4250,250,300,58,,,12,,387.5,,,0.095,,,,3120.5,17687,27359.35714,,972.5,
2020,9,"EasternEquatoria","Magwi","Nimule",226.5,239,423,394,1047.5,665,365,300,400,83,425,1550,80,1500,2600,4850,400,300,87,10000,2900,20,,423.75,,,0.0875,4.25,,,4060,30195,41638.17857,,1307.5,
2020,9,"EasternEquatoria","Torit","Torit Town",550,600,,,,,,,,65,190,3575,250,4875,3750,4775,850,550,92,,,60,,,,,,,,,4607.5,60046,73425.28571,,2197.5,
2020,9,"Jonglei","Akobo","Akobo Town",340,,563,450,,,323,68,2000,100,150,150,100,,,4000,1000,100,138,9250,1000,14,,320,,7,,,,,5023,48743,60243,,1538,
2020,9,"Jonglei","BorSouth","Bor_PoC",200,,423,450,533,554,376.5,300,800,116.5,,,,,,,,,145,,,29,,,,,,,,,3961.5,28086,43098.57143,,1468,
2020,9,"Jonglei","Fangak","NewFangak",328,356.5,563,450,,,430,204,800,133,500,1500,,,,,400,100,58,,,,,,,,,,,,4085.5,40599,53160.57143,,1697.5,
2020,9,"Jonglei","Nyirol","Lankien",136,,1478.5,1014,,998,942,746,1000,141.5,,1750,,,3800,,,,163.5,,800,71,,355,,,,,,,6918.5,27968,43365.57143,,2558.5,
2020,9,"Jonglei","Pibor","Pibor Town",,,600,600,,800,600,441,1333,133,,1500,,1200,,9000,2000,250,172,11000,2250,24.5,,385,,,,,,,5191.25,,,,1871.25,
2020,9,"Jonglei","TwicEast","Panyagor",625,500,1127,619.5,1117,776,780.5,246,900,150,500,4000,280,2500,3500,4000,2500,2000,207,13000,2500,50,,375,,,,,,,6691,68880,86153.57143,,2675,
2020,9,"Lakes","Awerial","Mingkaman",350,350,400,450,375,675,400,347,750,117,400,1500,325,4000,5000,7000,,1500,899,15000,3000,43,,,,,,,,,4097,42422,81077.57143,,1667,
2020,9,"Lakes","Cueibet","Cueibet Town",290,300,,,,,292.5,200,460,83,1200,800,600,1475,5000,5000,575,475,51,11000,2125,266.25,,422.5,,,,,,,3546.5,35135,53827.64286,,1465.5,
2020,9,"Lakes","RumbekCentre","Rumbek Town",200,200,,550,,950,400,400,,100,,,,,,,,500,116,,,111.25,,427.5,,,,,,,4229,31150,46451.07143,,1450,
2020,9,"Lakes","RumbekEast","Aduel",,800,1200,500,,750,400,450,350,117,,,,,,,,,,15000,,75,,,,,,,,,4942.25,81300,94849.85714,,2030.25,
2020,9,"Lakes","YirolEast","Nyang",150,130,,150,,443,170,231,200,70,200,350,300,3500,,6500,,150,66,12500,1700,,,,,,,,,,2303,18918,31941.57143,,670,
2020,9,"NorthernBahrelGhazal","AweilCentre","Aweil Town",364,518,600,600,246,1000,450,243,500,67,800,,,,,6500,,300,112,,2500,36,,411.25,,,,,,,4521,45003,59064.82143,,1999,
2020,9,"NorthernBahrelGhazal","AweilNorth","Ariath",467,,600,600,227,800,500,193,800,,,,250,,4000,,275,100,41,18000,750,29,,,,,,,,,4512,54223,66016.57143,,1992,
2020,9,"NorthernBahrelGhazal","AweilWest","Marial Baai",545,,600,600,265,1200,500,271,700,100,1000,,,,,7000,600,200,29,,1500,47,,411.25,,,,,,,5006,64321,76185.10714,,2070,
2020,9,"NorthernBahrelGhazal","AweilWest","Nyamlel Town",469.5,518,600,600,303,,500,271,750,100,1000,,,,3500,7000,,200,60,6000,1500,39.5,,402.5,,,,,,,4686.5,53101,65682.07143,,2187.5,
2020,9,"Unity","Pariang","AjuongThok_RC",119,,550,750,335,222,550,380,1000,108.5,,2000,275,,,7000,2500,150,41,,,29,,392.5,,,,,,,4231,19088,31190.07143,,1852.5,
2020,9,"Unity","Pariang","Jamjang",113,,500,600,279,222,500,320,500,83,,,150,,,,,,29,10000,,29,,,,,,,,,3359,15488,25619.57143,,1621,
2020,9,"Unity","Pariang","Pamir_RC",101,,500,600,279,222,500,320,500,67,,,150,,,,,,29,,,29,,,,,,,,,3347,14408,24443.57143,,1593,
2020,9,"Unity","Rubkona","Bentiu",161,478,831,653,223,710,611,300,900,150,1400,2000,300,22000,7000,7000,2000,2500,121,16000,2000,50,,406.25,2.75,,,,,,4867,26580,42044.82143,,2053,
2020,9,"Unity","Rubkona","Rubkona Town",171,514,845,676,237,721,631,300,1000,150,1500,2000,310,23000,7000,8000,2000,2500,121,16500,2500,50,,405,2.75,,,,,,5095,28179,43742.57143,,2142,
2020,9,"UpperNile","Fashoda","Aburoc",182,,550,675,,,580,500,2000,325,600,1600,,,3000,13000,350,400,174,8000,875,55,,356.25,,,,,,,5766,36845,53542.67857,,2087,
2020,9,"UpperNile","Fashoda","Kodok",106,,500,600,,450,500,350,2000,300,600,1600,250,,2790,12000,,400,159.5,8550,575,52,,361.25,2.95,,,,,,5110,25940,42111.96429,,1831,
2020,9,"UpperNile","Longochuk","Mathiang",681,648,563,450,838,2000,430,271,267,500,500,1750,500,4500,5000,,500,150,58,15000,1250,,,350,,10,,,,,6148,81163,98161.57143,,2709,
2020,9,"UpperNile","Longochuk","Udier",650,,423,371.5,,,574.5,149.5,400,300,,,,,,,500,200,415,12000,1000,,,350,,10,,,,,3847.5,67124.5,90633.07143,,2221,
2020,9,"UpperNile","Maiwut","Jikou",,,,,,,,,,,,,,,,,,,,,,,,,,,,,,,,,,,,
2020,9,"UpperNile","Ulang","Ruplet",340,,423,,,,323,597,300,175,,,,,,,1750,1100,138,7000,600,,,285,,41,,,,,3762,39072,52415.57143,,1663,
2020,9,"Warrap","GogrialWest","Kuajok",545,,550,500,208,460,480,59,216.5,83,900,650,195,2500,3500,6000,140,105,81,4000,1350,50,,407.5,,,,,,,3343.5,54548,67172.07143,,1933,
2020,9,"WesternBahrelGhazal","Raja","DeimZubier",,,600,500,,,600,136,800,100,1200,500,,,,,,200,52,16000,1500,29,,,,,,,,,4128.25,,,,1738.25,
2020,9,"WesternBahrelGhazal","Raja","Raja Town",306,275,476.5,400,179.5,361,475,271.5,800,108.5,1500,800,225,,6000,8000,1000,1500,52.5,6500,580,36,,367.5,,,,,,,3544.5,35860.5,47342.57143,,1564.5,
2020,9,"WesternBahrelGhazal","Wau","Wau Town",350,375,440,450,140,800,500,180,930,93.5,850,650,225,4500,3500,5500,525,575,83,19000,3800,57,,405,,,,,,,4165,44460,57584.57143,,1768.5,
2020,9,"WesternEquatoria","Maridi","Maridi Town",,96,1127,400,447,675,400,231,380,96.5,600,2800,125,2800,6000,5000,600,300,87,,2500,15,,397.5,,,,,,,3969.25,17226,28801.07143,,1205.75,
2020,9,"WesternEquatoria","Yambio","Yambio Town",,116.5,,338,279,665,538,353.5,600,83,1500,,150,2750,5250,6750,1000,1000,64,,4000,29,,387.5,,,,,,,3653.25,20468.5,31522.57143,,1288.75,
2020,10,"CentralEquatoria","Juba","Juba Town",300,185,390,475,850,700,300,300,900,83,500,2850,350,4000,6000,4700,2000,1650,203,24000,6000,30,,510,,,0.2985,,,,4400,28650,48365.1428571429,,1343,30
2020,10,"CentralEquatoria","Yei","Yei Town",,,400,400,,520,400,140,800,83,500,4000,200,,,,,,,,,,,485,,,,,,,3526,,,,1484,
2020,10,"EasternEquatoria","Budi","Chukudum",150,400,400,425,,400,800,300,700,91.5,200,500,100,,5000,,,500,64,4000,,20,,410,,,,3.75,,,3840,44100,54910.4285714286,,1866.5,
2020,10,"EasternEquatoria","KapoetaEast","Katodori",112,,400,,,443,645,204,900,117,,,,,,,,,,20000,1000,34,,475,,,,4.75,,,3963.5,45096,59579.4285714286,,1868.5,
2020,10,"EasternEquatoria","KapoetaSouth","Kapoeta Town",157,167,350,600,,665,538,136,600,83,300,2500,300,5000,5500,8000,,1500,172,30000,3000,26,,480,,,0.17355,4.35,,,3478,25471,43111.8571428571,,1545,
2020,10,"EasternEquatoria","Magwi","Nimule",628,598,563,676,978,776,602,294,700,100,400,2000,80,1650,3000,5000,1000,500,87,,,30,,513.75,,,0.11125,,,,5815,65298,78458.8928571429,,2604,
2020,10,"EasternEquatoria","Torit","Torit Town",193,211,300,400,151,600,350,147,600,81.5,200,4000,250,5000,4000,5000,725,600,92,,,625,,,,,,,,,2952,28137,47945.6428571429,,1235.5,
2020,10,"Jonglei","Akobo","Akobo Town",314,,676,676,,887,860,407,1000,200,1000,6000,200,,2000,7000,1000,100,207,10000,850,86,,365,,7.75,,,,,5479.5,63890,80642.1428571429,,2444.5,
2020,10,"Jonglei","BorSouth","Bor Town",,200,450,400,,600,400,125,600,100,425,2500,400,7250,4500,7350,,900,232,45000,3750,50,,500,,,0.13,4.775,,,3246.5,27710,48998.5714285714,,1306.5,
2020,10,"Jonglei","BorSouth","Bor_PoC",,,563,450,419,554,430,271,200,103.5,,,350,,,,,200,145,,,29,,,,,,,,,3488,24457,42079.0714285714,,1584.5,
2020,10,"Jonglei","Fangak","NewFangak",306.5,324,563,563,,632.5,430,204,1000,133,500,,,,,,400,300,58,8000,600,57,,380,,,,,,,4288,25396.5,37703.0714285714,,1756.5,
2020,10,"Jonglei","Nyirol","Lankien",101,,1197.5,1464,,443,1290,916,667,158.5,,,,,,,325,325,172,,,78.5,,467.5,,,,,,,6738,17995,35546.3571428571,,3408,
2020,10,"Jonglei","Pibor","Pibor Town",754,,1000,1000,,1000,1000,500,2000,167,1000,,,,5000,,2300,200,252,2250,5000,24.5,,475,,,,,,,7913.5,89360,109027,,3315.5,
2020,10,"Jonglei","TwicEast","Panyagor",150,218.5,1127,676,1117.5,887,509,271,800,100,400,3500,200,1500,3250,8000,1500,1500,172,7250,2900,,,398.75,,,,,,,5756,26554,41749.8928571429,,1653.5,
2020,10,"Lakes","Awerial","Mingkaman",300,,625,540,550,725,500,550,950,150,400,1750,400,4750,5500,9000,1200,1800,155,21000,3150,143,,,,,,,,,5134.5,39775,59553.2142857143,,1884.5,
2020,10,"Lakes","Cueibet","Cueibet Town",590,,,675,100,,525,150,200,125,1500,1000,500,1500,8750,8000,1200,675,77.5,20000,2650,280,,550,,,,,,,3959.5,60975,81800,,2309.5,
2020,10,"Lakes","RumbekCentre","Rumbek Town",340,389,,650,164,900,600,400,,100,,,,,,,,,,,,,,485,,,,,,,4843,31300,45817.1428571429,,2079,
2020,10,"Lakes","RumbekEast","Aduel",,600,1200,600,,750,450,600,900,100,,,,,,,,,,,,,,,,,,,,,5571.5,66750,81224.6428571429,,1956.5,
2020,10,"NorthernBahrelGhazal","AweilCentre","Aweil Town",204,,500,600,189,900,500,370,900,117,750,500,250,,4500,7000,,300,70.5,,,29,,510,,,,,,,4557.5,32230,46965.5714285714,,1815.5,
2020,10,"NorthernBahrelGhazal","AweilNorth","Ariath",170,,700,600,151,,600,900,467,117,,,200,,4000,5000,300,,50,10000,1000,29,,,,,,,,,4707.5,25527,38580.0714285714,,1881.5,
2020,10,"NorthernBahrelGhazal","AweilNorth","Gok-Machar",193,,550,600,132,,575,271,800,117,1000,,,,,,,200,69,6750,1500,23,,,,,,,,,4240.5,28966,42957.6428571429,,1879.5,
2020,10,"NorthernBahrelGhazal","AweilWest","Marial Baai",182,,600,600,227,700,600,294,1000,100,1000,,100,,,7500,,200,69,,,29,,495,,,,,,,4597.5,28974,41507.5714285714,,1876.5,
2020,10,"NorthernBahrelGhazal","AweilWest","Nyamlel Town",209,324,600,650,,900,600,400,1000,125,900,,150,,,,475,300,58,,1200,29,,502.5,,,,,,,4948,33310,46391.0714285714,,1908,
2020,10,"Unity","Panyijiar","Nyal",510,,,,,,,,800,116.5,,,,,,,,,,,,,,420,,,,,,,4776,,,,2208.5,
2020,10,"Unity","Pariang","AjuongThok_RC",147.5,,600,800,,222,600,400,1000,100,,1000,300,,,,,300,45,,,29,,482.5,,,,,,,4429,21673,35674.0714285714,,2042,
2020,10,"Unity","Pariang","Jamjang",75,,600,800,279,222,300,350,1200,100,,,250,,,,,,35,11500,900,29,,,,,,,,,4220.5,16298,29399.0714285714,,1669.5,
2020,10,"Unity","Pariang","Pamir_RC",75,,600,800,279,222,300,350,600,100,,,250,,,,,,41,,,29,,,,,,,,,3620.5,12698,25979.0714285714,,1669.5,
2020,10,"Unity","Rubkona","Bentiu",171,502,873,709,251,743,680.5,400,1100,167,1600,2500,310,24000,8000,9000,2500,3000,110,17000,2500,50,,482.5,3.75,,,,,,5429.5,29077,45730.0714285714,,2229.5,
2020,10,"Unity","Rubkona","Rubkona Town",192,514,873,698,251,743,659.5,400,1100,167,1600,2500,315,24000,8000,9000,3000,3000,138,17000,3000,50,,482.5,,,,,,,5430.5,30967,48520.0714285714,,2230.5,
2020,10,"UpperNile","Fashoda","Aburoc",,,600,60,,,600,441,800,158.5,500,2500,225,,3500,9500,300,,58,7750,1000,87.25,,425,,,,,,,4092,33366,46729.8571428571,,1419.5,
2020,10,"UpperNile","Fashoda","Kodok",,,625,650,,,600,68.5,2200,200,600,2250,325,10000,2500,,,450,145,8550,700,82.25,,433.75,,,,,,,5734.5,38153.5,55682.25,,2051,
2020,10,"UpperNile","Longochuk","Mathiang",681,648,,450,,1500,418.5,271,2000,500,500,2000,500,4000,,,1000,4000,174,16000,1000,,,460,,10,,,,,6833.5,87061,109358.142857143,,2697.5,
2020,10,"UpperNile","Longochuk","Udier",546,648,,901,,333,815,136,5000,200,500,2750,,,,,,125,86,15600,2000,,,,,10,,,,,9244,82273,97332.6428571429,,3110,
2020,10,"UpperNile","Maban","Bunj",82,700,600,700,265,1000,600,350,1400,250,,,200,100,150,,,300,58,17500,1900,43,,477.5,,,,,,,5697,25130,39256.0714285714,,2332,
2020,10,"UpperNile","Maiwut","Jikou",,,,,,,,,,,,,,,,,,,,,,,,,,,,,,,,,,,,
2020,10,"UpperNile","Melut","Melut Town",218,,650,700,265,,1050,200,467,250,400,1500,150,7000,4000,7000,1200,500,,13000,1500,14,,485,,,,,,,4669.5,29147,43407,,2612.5,
2020,10,"UpperNile","Melut","Paloich",218,,600,700,265,1200,500,250,467,225,350,1500,150,7000,4000,7000,1000,500,,10000,1500,43,,485,3.1,,,,,,4594.5,33472,47830.5714285714,,2037.5,
2020,10,"UpperNile","Renk","Renk Town",188,,400,400,330.5,600,450,510,1000,190,350,2250,165,3600,3750,11750,1250,207,116,,,20,,485,1.825,,,,,,4273,28830,43846.4285714286,,1622.5,
2020,10,"Warrap","GogrialWest","Kuajok",454,567,590,550,189,1000,500,88,340,113,1300,800,275,2400,4000,6400,230,110,75.5,5000,1800,41.5,,505,,,,,,,4278,51988,67171.7142857143,,2184,
2020,10,"WesternBahrelGhazal","Raja","DeimZubier",328,,600,600,76,,600,170,316.5,100,1025,,,,,,,200,34,16000,1600,29,,,,,,,,,3810,38114,51005.0714285714,,2022.5,
2020,10,"WesternBahrelGhazal","Raja","Raja Town",,,600,450,,90,500,,800,117,1000,550,120,,2500,3000,,400,34,25000,2000,,,505,2,,,,,,3600,24489,36493.1428571429,,1668,
2020,10,"WesternBahrelGhazal","Wau","Wau Town",300,500,400,350,125,850,400,135,600,91.5,950,800,235,4000,3500,5350,450,500,124,7500,1400,71.5,,503.75,,,,,,,3660,38385,54650.6071428571,,1641.5,
2020,10,"WesternEquatoria","Maridi","Maridi Town",,120,1465,721,461,1131,688,271,500,133,,3000,150,3250,6900,7250,,405,87,,,22.5,,472.5,,,,,,,5563.5,24250,37683.3571428571,,1868.5,
2020,10,"WesternEquatoria","Yambio","Yambio Town",,96,,450,279,1109,753,500,500,117,1000,,200,,5000,7750,1000,1000,86,28000,3000,57,,472.5,,,,,,,4493.5,22121,36324.0714285714,,1622.5,
